locus,stop,depth.z0007446,depth.z0009880,depth.z0011162,depth.z0012201.x,depth.z0012201.y,depth.z0017317,depth.z0025439.x,depth.z0025439.y,depth.z0030424.x,depth.z0030424.y,depth.z0030475,depth.z0032258,depth.z0042288,depth.z0062886.x,depth.z0062886.y,depth.z0067213,depth.z0100814,depth.z0117063,depth.z0143977,depth.z0145401,depth.z0160234,,Individuals with 20 reads (out of 21)
Mnov_gtseq_112,130,NA,NA,3,1,NA,2,1,6,NA,NA,NA,5,NA,NA,NA,NA,NA,NA,1,NA,NA,,0
Mnov_gtseq_114,130,NA,NA,NA,8,NA,3,NA,NA,4,NA,NA,1,1,NA,1,7,NA,NA,NA,NA,NA,,0
Mnov_gtseq_118,130,NA,NA,NA,3,1,NA,NA,NA,NA,NA,NA,NA,NA,NA,NA,2,NA,NA,NA,NA,NA,,0
Mnov_gtseq_137,130,NA,NA,4,2,NA,9,NA,19,10,1,NA,12,4,4,7,17,NA,NA,NA,NA,NA,,0
Mnov_gtseq_139,130,NA,NA,NA,NA,NA,NA,NA,NA,2,NA,3,2,NA,1,1,7,NA,NA,NA,1,NA,,0
Mnov_gtseq_144,130,NA,NA,6,2,NA,3,2,12,NA,NA,2,NA,NA,NA,1,8,NA,NA,NA,1,NA,,0
Mnov_gtseq_146,130,NA,NA,NA,7,3,6,NA,15,1,1,1,3,1,1,3,4,NA,NA,NA,NA,NA,,0
Mnov_gtseq_168,130,NA,NA,NA,6,1,6,NA,13,2,NA,NA,1,1,1,6,11,NA,NA,NA,NA,NA,,0
Mnov_gtseq_173,130,NA,NA,NA,2,NA,NA,NA,3,NA,1,NA,NA,NA,NA,NA,NA,NA,NA,NA,NA,NA,,0
Mnov_gtseq_187,130,NA,NA,1,2,NA,3,NA,16,2,NA,NA,6,1,NA,NA,NA,NA,NA,NA,NA,NA,,0
Mnov_gtseq_274,130,NA,NA,4,3,2,1,NA,10,2,1,2,8,1,NA,2,5,1,NA,NA,1,2,,0
Mnov_gtseq_283,130,NA,NA,NA,NA,NA,1,NA,4,NA,NA,NA,NA,NA,NA,1,3,NA,NA,NA,NA,NA,,0
Mnov_gtseq_308,130,NA,NA,3,2,3,NA,NA,2,NA,NA,NA,2,NA,NA,NA,1,NA,NA,NA,NA,NA,,0
Mnov_gtseq_324,130,NA,NA,NA,4,1,NA,1,4,NA,NA,NA,NA,1,NA,NA,NA,NA,NA,NA,NA,NA,,0
Mnov_gtseq_346,130,NA,NA,NA,NA,NA,NA,NA,3,NA,NA,NA,1,NA,NA,NA,1,NA,NA,NA,NA,NA,,0
Mnov_gtseq_374,130,NA,NA,NA,NA,NA,NA,NA,1,NA,NA,NA,NA,NA,NA,NA,NA,NA,NA,NA,NA,NA,,0
Mnov_gtseq_381,130,NA,NA,3,5,NA,2,1,6,4,NA,2,1,NA,1,4,1,NA,NA,NA,NA,NA,,0
Mnov_gtseq_386,130,NA,NA,1,NA,NA,NA,1,1,NA,NA,NA,1,NA,NA,NA,NA,NA,NA,NA,NA,NA,,0
Mnov_gtseq_388,130,NA,NA,2,11,1,2,NA,5,4,3,1,6,NA,5,2,9,NA,NA,NA,2,NA,,0
Mnov_gtseq_41,130,NA,1,NA,1,1,NA,NA,NA,4,NA,1,2,NA,1,1,5,2,NA,NA,1,NA,,0
Mnov_gtseq_468,130,NA,NA,2,7,1,11,2,17,7,NA,1,10,NA,NA,NA,1,NA,NA,NA,1,NA,,0
Mnov_gtseq_477,130,NA,NA,NA,1,NA,4,NA,3,NA,NA,NA,1,NA,NA,NA,NA,NA,NA,NA,NA,NA,,0
Mnov_gtseq_478,130,NA,1,NA,NA,NA,NA,NA,NA,NA,NA,NA,3,NA,NA,1,5,NA,NA,NA,NA,NA,,0
Mnov_gtseq_506,130,NA,NA,NA,2,NA,NA,NA,1,NA,1,NA,NA,NA,NA,NA,NA,NA,NA,NA,NA,NA,,0
Mnov_gtseq_516,130,NA,NA,8,9,2,3,2,10,3,NA,5,6,3,NA,1,8,NA,NA,NA,1,NA,,0
Mnov_gtseq_526,130,NA,0,NA,2,1,0,0,0,0,0,0,0,NA,0,0,0,0,NA,NA,NA,NA,,0
Mnov_gtseq_134,130,NA,NA,NA,NA,NA,6,1,24,3,NA,4,4,NA,1,3,10,NA,NA,NA,NA,NA,,1
Mnov_gtseq_147,130,NA,NA,2,NA,NA,11,NA,31,8,NA,1,12,2,2,2,18,NA,NA,NA,NA,NA,,1
Mnov_gtseq_304,130,NA,NA,2,30,8,NA,NA,NA,11,NA,NA,13,NA,NA,NA,NA,1,NA,NA,NA,NA,,1
Mnov_gtseq_420,130,NA,NA,1,7,NA,6,NA,25,2,NA,1,6,NA,3,6,12,NA,NA,NA,NA,NA,,1
Mnov_gtseq_177,130,NA,NA,3,18,1,22,NA,55,4,NA,NA,11,1,NA,1,2,1,NA,NA,NA,NA,,2
Mnov_gtseq_186,130,NA,1,4,NA,NA,11,3,75,10,NA,5,17,3,7,7,43,NA,NA,NA,NA,NA,,2
Mnov_gtseq_189,130,NA,NA,7,19,6,10,8,23,3,NA,5,12,1,3,7,20,2,NA,NA,NA,NA,,2
Mnov_gtseq_191,130,NA,5,NA,6,NA,2,NA,2,124,1,2,96,NA,NA,1,8,NA,NA,NA,NA,NA,,2
Mnov_gtseq_222,130,NA,NA,1,72,35,1,2,8,NA,NA,NA,5,NA,1,1,NA,4,NA,NA,NA,NA,,2
Mnov_gtseq_404,130,NA,2,3,NA,NA,11,3,55,7,1,1,7,NA,6,15,38,NA,NA,NA,2,NA,,2
Mnov_gtseq_414,130,NA,NA,8,29,1,12,NA,53,NA,NA,1,NA,NA,3,5,19,1,NA,NA,1,NA,,2
Mnov_gtseq_54,130,NA,NA,16,1,NA,2,1,25,NA,NA,12,1,NA,4,9,56,NA,NA,NA,4,NA,,2
Mnov_gtseq_108,130,NA,1,6,38,5,16,5,85,12,2,6,13,2,8,17,49,3,NA,NA,6,NA,,3
Mnov_gtseq_317,130,NA,NA,9,13,2,21,3,94,9,NA,3,12,4,6,13,56,NA,NA,NA,6,NA,,3
Mnov_gtseq_407,130,NA,NA,10,NA,NA,59,2,204,11,NA,NA,60,7,NA,1,6,NA,NA,NA,NA,NA,,3
Mnov_gtseq_422,130,NA,1,NA,61,3,NA,NA,4,11,NA,13,39,NA,10,16,106,3,NA,NA,1,NA,,3
Mnov_gtseq_521,130,NA,2,8,NA,NA,19,9,95,18,2,11,32,5,13,16,82,NA,NA,NA,7,NA,,3
Mnov_gtseq_543,130,NA,NA,2,35,4,NA,2,NA,NA,NA,13,NA,NA,6,23,48,NA,1,1,4,NA,,3
Mnov_gtseq_91,130,NA,13,7,29,10,4,5,12,131,2,NA,181,10,NA,NA,NA,2,NA,NA,NA,1,,3
Mnov_gtseq_145,130,NA,NA,3,407,97,2,NA,5,3,1,8,5,NA,5,7,41,33,NA,NA,3,NA,,4
Mnov_gtseq_181,130,NA,1,5,54,NA,28,1,98,7,NA,5,NA,NA,9,13,50,1,NA,NA,1,NA,,4
Mnov_gtseq_192,130,NA,2,9,83,10,4,2,28,37,NA,NA,26,NA,NA,NA,NA,7,NA,NA,NA,NA,,4
Mnov_gtseq_245,130,NA,NA,6,34,NA,26,1,90,2,1,3,NA,2,5,10,39,1,NA,NA,5,NA,,4
Mnov_gtseq_342,130,NA,1,8,63,4,NA,NA,NA,13,NA,4,35,NA,9,32,74,1,NA,NA,1,NA,,4
Mnov_gtseq_358,130,NA,NA,5,22,1,28,2,134,3,1,1,18,2,11,15,45,NA,NA,NA,NA,NA,,4
Mnov_gtseq_378,130,NA,NA,NA,NA,NA,NA,NA,NA,NA,NA,193,NA,NA,51,94,452,1,NA,NA,10,NA,,4
Mnov_gtseq_380,130,NA,NA,11,13,3,16,9,60,NA,NA,13,NA,10,42,56,194,1,NA,NA,2,1,,4
Mnov_gtseq_401,130,NA,NA,10,10,2,21,4,67,15,NA,18,34,5,5,9,38,NA,NA,NA,2,NA,,4
Mnov_gtseq_431,130,NA,1,16,280,82,14,7,81,10,NA,4,25,9,1,2,13,4,NA,NA,NA,NA,,4
Mnov_gtseq_511,130,NA,NA,5,NA,NA,14,6,93,8,2,26,23,2,16,16,83,NA,NA,NA,9,NA,,4
Mnov_gtseq_111,130,NA,NA,20,26,1,3,NA,9,1,NA,24,2,NA,19,39,147,1,NA,NA,7,NA,,5
Mnov_gtseq_171,130,NA,1,21,50,7,11,9,90,15,NA,13,11,6,11,21,69,NA,NA,NA,12,NA,,5
Mnov_gtseq_287,130,NA,NA,1,NA,NA,NA,NA,NA,NA,1,594,NA,NA,98,121,742,2,NA,1,81,NA,,5
Mnov_gtseq_3,130,NA,NA,NA,NA,NA,NA,NA,NA,NA,NA,255,NA,NA,73,117,532,NA,NA,NA,22,1,,5
Mnov_gtseq_335,130,NA,NA,2,810,421,NA,1,NA,NA,NA,89,NA,NA,9,17,174,93,NA,NA,5,3,,5
Mnov_gtseq_390,130,NA,NA,1,27,NA,NA,NA,NA,3,NA,98,12,NA,53,87,359,NA,NA,NA,11,NA,,5
Mnov_gtseq_391,130,NA,10,11,60,2,11,1,15,14,1,13,27,1,21,25,130,NA,NA,NA,2,NA,,5
Mnov_gtseq_408,130,NA,NA,15,73,10,32,9,127,13,NA,21,5,15,19,8,118,3,NA,NA,3,NA,,5
Mnov_gtseq_417,130,NA,1,11,17,2,60,7,155,15,NA,8,36,NA,17,22,92,NA,NA,NA,2,NA,,5
Mnov_gtseq_462,130,NA,NA,6,41,NA,39,3,108,7,NA,3,26,1,12,7,78,NA,NA,NA,1,NA,,5
Mnov_gtseq_465,130,NA,1,8,42,6,41,2,162,8,NA,9,25,6,7,12,66,1,NA,NA,4,NA,,5
Mnov_gtseq_228,130,NA,NA,19,2,0,46,2,222,18,NA,17,51,5,20,29,143,0,NA,NA,5,NA,,6
Mnov_gtseq_261,130,NA,NA,7,280,60,14,1,45,63,NA,6,139,3,2,4,20,19,NA,NA,NA,NA,,6
Mnov_gtseq_268,130,NA,NA,19,40,14,13,15,85,3,NA,1,3,NA,104,127,756,4,NA,NA,68,NA,,6
Mnov_gtseq_271,130,NA,NA,33,20,1,5,27,94,NA,NA,58,NA,18,6,8,35,NA,NA,NA,NA,NA,,6
Mnov_gtseq_278,130,NA,1,14,44,8,11,5,66,26,NA,34,14,3,5,20,72,4,NA,NA,3,NA,,6
Mnov_gtseq_355,130,NA,2,16,82,4,54,4,195,14,NA,18,60,9,17,20,132,2,NA,NA,1,NA,,6
Mnov_gtseq_384,130,NA,NA,8,53,5,50,1,174,14,NA,6,32,2,13,26,104,1,NA,NA,4,NA,,6
Mnov_gtseq_395,130,NA,1,15,79,1,80,11,246,5,1,10,16,3,25,36,230,NA,NA,NA,3,NA,,6
Mnov_gtseq_421,130,NA,NA,22,78,10,40,16,191,17,2,10,41,17,10,18,111,2,NA,NA,4,NA,,6
Mnov_gtseq_452,130,NA,NA,13,37,4,16,4,66,3,NA,77,2,3,35,58,216,NA,NA,NA,12,NA,,6
Mnov_gtseq_513,130,NA,3,17,92,7,70,5,223,17,NA,12,28,6,12,37,125,4,NA,NA,1,NA,,6
Mnov_gtseq_520,130,NA,NA,2,226,21,NA,NA,12,4,NA,49,3,NA,38,63,268,8,NA,NA,16,1,,6
Mnov_gtseq_544,130,NA,2,NA,470,81,14,1,46,11,1,7,20,1,5,2,30,24,NA,NA,1,NA,,6
Mnov_gtseq_549,130,NA,NA,1,13,3,1,NA,21,7,NA,122,6,1,53,61,360,NA,NA,NA,33,NA,,6
Mnov_gtseq_550,130,NA,2,14,109,15,26,11,76,24,NA,7,19,2,15,25,102,7,NA,NA,4,NA,,6
Mnov_gtseq_128,130,NA,NA,50,17,NA,71,11,249,29,NA,36,70,17,19,19,131,NA,NA,NA,2,NA,,7
Mnov_gtseq_160,130,NA,7,1,138,16,NA,NA,NA,54,NA,77,41,NA,36,62,235,NA,NA,NA,16,NA,,7
Mnov_gtseq_178,130,NA,NA,18,74,10,56,15,169,21,NA,20,37,13,14,17,91,4,NA,NA,3,NA,,7
Mnov_gtseq_263,130,NA,NA,102,263,81,168,53,527,3,NA,1,9,66,NA,NA,14,14,NA,NA,NA,2,,7
Mnov_gtseq_298,130,NA,NA,43,107,7,71,13,232,16,NA,33,73,7,19,14,111,2,NA,NA,4,NA,,7
Mnov_gtseq_318,130,NA,1,21,1,NA,73,7,196,27,1,17,52,11,12,30,116,NA,NA,NA,6,NA,,7
Mnov_gtseq_350,130,NA,NA,34,103,12,73,5,290,17,1,18,70,14,16,21,116,4,NA,NA,1,NA,,7
Mnov_gtseq_397,130,NA,15,52,259,52,NA,43,580,87,3,17,175,NA,NA,NA,NA,10,NA,NA,3,1,,7
Mnov_gtseq_438,130,NA,NA,31,169,20,122,15,339,40,1,NA,102,14,NA,NA,NA,5,NA,NA,NA,NA,,7
Mnov_gtseq_442,130,NA,1,25,156,29,NA,7,159,25,NA,48,2,NA,9,11,76,3,NA,NA,2,NA,,7
Mnov_gtseq_47,130,NA,NA,3,212,62,NA,1,NA,NA,NA,197,1,NA,59,77,415,12,NA,NA,20,NA,,7
Mnov_gtseq_507,130,NA,NA,2,334,68,NA,NA,NA,NA,NA,146,1,NA,63,112,468,17,NA,NA,49,1,,7
Mnov_gtseq_536,130,NA,1,17,84,10,39,3,191,21,2,19,36,6,14,28,123,2,NA,NA,3,NA,,7
Mnov_gtseq_116,130,NA,1,31,9,2,52,20,141,16,NA,61,89,9,14,26,96,NA,NA,NA,2,NA,,8
Mnov_gtseq_22,130,NA,14,3,26,9,NA,NA,NA,176,3,511,300,1,113,171,934,3,NA,NA,66,1,,8
Mnov_gtseq_341,130,NA,153,1,NA,NA,NA,1,NA,324,6,577,286,NA,90,136,616,NA,NA,NA,109,1,,8
Mnov_gtseq_364,130,NA,NA,32,116,6,68,10,265,19,NA,15,62,10,25,38,122,NA,NA,NA,1,NA,,8
Mnov_gtseq_366,130,NA,NA,8,232,42,7,2,40,9,1,70,16,NA,43,55,279,12,NA,NA,21,1,,8
Mnov_gtseq_398,130,NA,NA,38,NA,NA,185,1,2,2,NA,211,1,67,73,113,499,NA,NA,NA,53,NA,,8
Mnov_gtseq_419,130,NA,NA,37,166,16,87,11,320,2,NA,24,4,11,34,36,179,3,NA,NA,8,NA,,8
Mnov_gtseq_426,130,1,NA,1,283,127,NA,1,3,NA,NA,293,NA,1,69,101,574,39,NA,NA,70,NA,,8
Mnov_gtseq_445,130,NA,2,26,121,10,58,10,306,20,NA,9,51,18,12,32,130,5,NA,NA,4,NA,,8
Mnov_gtseq_539,130,NA,NA,123,181,102,80,103,272,NA,NA,NA,NA,69,NA,NA,1,20,NA,NA,NA,NA,,8
Mnov_gtseq_6,130,NA,NA,6,648,392,1,1,3,NA,NA,455,NA,3,124,143,696,71,NA,NA,34,1,,8
Mnov_gtseq_106,130,NA,NA,50,3,NA,91,26,318,21,NA,55,7,19,29,30,169,NA,NA,NA,4,NA,,9
Mnov_gtseq_135,130,NA,47,5,17,9,10,5,26,208,3,231,293,2,78,88,553,3,NA,NA,35,NA,,9
Mnov_gtseq_180,130,NA,1,16,5,1,32,5,117,30,NA,82,42,4,22,36,221,NA,NA,NA,27,NA,,9
Mnov_gtseq_188,130,NA,NA,23,129,7,87,8,293,52,NA,14,98,10,26,32,140,1,NA,NA,10,1,,9
Mnov_gtseq_217,130,NA,NA,28,64,21,50,20,158,15,NA,22,43,7,9,19,65,3,NA,NA,2,NA,,9
Mnov_gtseq_253,130,NA,NA,49,99,11,70,15,225,28,2,35,64,17,15,27,67,2,NA,NA,1,1,,9
Mnov_gtseq_256,130,NA,1,0,448,254,1,1,5,14,1,419,27,NA,90,100,317,53,NA,NA,35,NA,,9
Mnov_gtseq_262,130,NA,6,1,239,63,1,1,13,78,1,103,147,NA,55,47,285,19,NA,NA,30,NA,,9
Mnov_gtseq_320,130,NA,1,3,303,73,4,10,139,89,NA,87,217,2,38,64,312,17,NA,NA,10,NA,,9
Mnov_gtseq_356,130,NA,NA,14,64,18,32,20,108,19,NA,106,33,11,25,35,349,3,NA,NA,19,NA,,9
Mnov_gtseq_357,130,NA,NA,16,208,78,29,5,96,7,NA,103,35,5,42,27,262,10,NA,NA,12,NA,,9
Mnov_gtseq_368,130,NA,15,34,11,2,87,19,314,78,1,26,111,17,29,34,195,1,NA,NA,9,NA,,9
Mnov_gtseq_371,130,NA,7,86,307,42,179,41,703,61,3,NA,186,38,NA,NA,3,5,NA,NA,1,NA,,9
Mnov_gtseq_394,130,1,4,30,127,15,105,4,166,36,NA,5,78,2,26,22,37,NA,NA,NA,NA,NA,,9
Mnov_gtseq_400,130,NA,NA,38,114,16,107,8,314,6,NA,38,33,19,23,29,160,3,NA,NA,4,NA,,9
Mnov_gtseq_405,130,NA,NA,18,78,13,21,6,127,33,1,22,25,5,20,28,111,4,NA,NA,5,NA,,9
Mnov_gtseq_463,130,NA,NA,80,231,97,104,62,361,25,1,NA,99,52,NA,NA,NA,16,NA,NA,NA,NA,,9
Mnov_gtseq_472,130,NA,NA,68,297,58,113,22,324,50,NA,1,90,25,NA,NA,NA,18,NA,NA,NA,NA,,9
Mnov_gtseq_529,130,NA,2,32,150,29,33,17,142,65,1,28,49,15,6,15,37,7,NA,NA,3,NA,,9
Mnov_gtseq_57,130,NA,6,24,149,17,62,9,236,47,1,26,44,10,12,39,128,6,NA,NA,12,NA,,9
Mnov_gtseq_63,130,NA,NA,34,153,48,12,12,43,12,NA,315,11,9,63,81,461,8,NA,NA,69,2,,9
Mnov_gtseq_83,130,NA,7,149,128,36,108,171,459,150,1,NA,107,115,NA,NA,1,2,NA,NA,NA,NA,,9
Mnov_gtseq_92,130,NA,NA,163,217,128,174,191,559,118,2,7,219,107,4,3,16,18,NA,NA,NA,NA,,9
Mnov_gtseq_97,130,NA,3,20,110,5,119,5,407,24,NA,16,45,7,33,64,227,1,NA,NA,15,NA,,9
Mnov_gtseq_107,130,NA,NA,36,142,12,56,26,238,6,NA,39,22,21,18,27,141,4,NA,NA,3,NA,,10
Mnov_gtseq_12,130,NA,12,2,683,379,1,NA,NA,313,1,612,657,NA,171,181,1028,81,NA,NA,76,1,,10
Mnov_gtseq_129,130,NA,1,26,45,5,32,3,107,13,NA,306,22,4,124,147,671,5,NA,NA,68,1,,10
Mnov_gtseq_130,130,NA,15,77,254,38,143,35,575,68,2,2,132,24,2,7,41,8,NA,NA,NA,1,,10
Mnov_gtseq_151,130,NA,6,26,23,3,21,1,3,60,1,162,48,9,56,85,269,NA,NA,NA,40,NA,,10
Mnov_gtseq_182,130,NA,5,50,210,77,72,52,225,59,1,18,113,41,3,NA,28,7,NA,NA,NA,NA,,10
Mnov_gtseq_210,130,NA,3,37,150,15,89,19,316,35,2,43,70,8,34,54,187,2,NA,NA,11,1,,10
Mnov_gtseq_214,130,NA,NA,57,119,30,59,18,213,8,NA,53,89,19,22,26,138,6,NA,NA,5,1,,10
Mnov_gtseq_216,130,NA,NA,33,92,15,20,16,171,38,2,214,29,15,54,98,430,3,NA,NA,15,1,,10
Mnov_gtseq_269,130,NA,9,121,373,102,96,91,500,155,1,4,160,74,5,7,37,16,NA,NA,1,1,,10
Mnov_gtseq_273,130,NA,3,3,227,79,1,NA,4,82,1,123,113,79,37,54,240,22,NA,NA,12,NA,,10
Mnov_gtseq_300,130,NA,18,11,NA,NA,143,83,389,194,2,380,276,3,88,101,529,NA,NA,NA,59,NA,,10
Mnov_gtseq_302,130,NA,1,15,158,21,69,5,166,55,NA,38,81,5,25,29,183,5,NA,NA,7,NA,,10
Mnov_gtseq_309,130,NA,NA,15,85,19,21,16,83,22,NA,281,24,6,62,102,408,3,NA,NA,67,NA,,10
Mnov_gtseq_315,130,NA,28,2,453,131,NA,NA,1,183,4,59,251,NA,53,73,320,33,NA,NA,14,NA,,10
Mnov_gtseq_348,130,NA,6,133,393,63,203,54,803,108,1,4,200,46,2,2,10,26,NA,NA,1,NA,,10
Mnov_gtseq_359,130,NA,4,41,51,3,111,18,343,44,NA,31,80,18,25,38,182,2,NA,NA,10,1,,10
Mnov_gtseq_406,130,NA,7,164,295,162,183,156,692,117,NA,1,183,114,NA,NA,NA,21,NA,NA,NA,2,,10
Mnov_gtseq_424,130,NA,6,119,551,201,183,161,767,130,3,3,169,71,NA,NA,4,42,NA,NA,NA,1,,10
Mnov_gtseq_454,130,NA,2,28,109,13,87,4,294,32,NA,20,63,13,22,36,125,5,NA,NA,8,1,,10
Mnov_gtseq_475,130,NA,1,256,6,NA,285,119,763,12,1,307,NA,156,91,108,676,NA,NA,NA,53,NA,,10
Mnov_gtseq_522,130,NA,NA,172,166,25,160,NA,NA,2,NA,173,2,53,64,76,386,9,NA,NA,34,NA,,10
Mnov_gtseq_553,130,NA,1,30,101,9,68,10,249,23,NA,33,65,7,26,28,119,1,NA,NA,3,NA,,10
Mnov_gtseq_126,130,NA,2,218,612,291,362,240,883,27,2,14,58,259,NA,NA,21,51,NA,NA,2,1,,11
Mnov_gtseq_127,130,NA,3,197,2,1,195,194,754,172,1,270,238,110,64,76,434,NA,NA,NA,17,NA,,11
Mnov_gtseq_143,130,NA,5,122,49,15,111,76,319,29,1,81,30,61,13,25,133,8,NA,NA,15,NA,,11
Mnov_gtseq_15,130,NA,1,72,248,86,132,73,495,109,1,23,194,38,8,8,50,15,NA,NA,2,NA,,11
Mnov_gtseq_196,130,NA,54,273,146,36,227,278,1077,253,7,NA,346,199,4,18,NA,5,NA,NA,42,1,,11
Mnov_gtseq_20,130,NA,27,3,608,304,NA,NA,2,265,3,468,470,2,112,145,736,78,NA,NA,58,2,,11
Mnov_gtseq_220,130,NA,NA,166,101,11,215,108,816,1,NA,177,3,120,54,92,413,4,NA,NA,30,NA,,11
Mnov_gtseq_231,130,NA,NA,48,185,40,101,18,331,38,1,63,82,17,25,42,171,5,NA,NA,3,1,,11
Mnov_gtseq_239,130,NA,2,110,391,166,162,85,489,28,NA,12,34,78,6,9,39,35,NA,NA,7,1,,11
Mnov_gtseq_250,130,NA,3,54,26,6,86,25,272,60,NA,77,136,19,29,34,182,NA,NA,NA,8,NA,,11
Mnov_gtseq_264,130,NA,NA,83,NA,NA,120,64,186,45,NA,156,174,36,37,53,273,NA,NA,NA,9,NA,,11
Mnov_gtseq_352,130,NA,11,34,8,NA,145,47,390,108,1,20,183,34,8,22,85,NA,NA,NA,31,1,,11
Mnov_gtseq_353,130,NA,NA,44,129,19,65,19,261,63,1,239,75,11,86,118,610,2,NA,NA,21,NA,,11
Mnov_gtseq_361,130,NA,NA,67,3,NA,93,22,449,44,NA,53,117,31,33,45,237,NA,NA,NA,9,NA,,11
Mnov_gtseq_39,130,NA,20,518,898,577,309,474,1312,211,7,2,324,384,1,3,6,118,NA,NA,NA,3,,11
Mnov_gtseq_410,130,NA,10,5,260,32,26,3,71,59,NA,38,108,1,43,58,278,5,NA,NA,25,NA,,11
Mnov_gtseq_44,130,NA,NA,26,486,296,40,16,107,5,NA,350,18,12,82,93,518,63,NA,NA,34,NA,,11
Mnov_gtseq_444,130,NA,6,23,95,16,34,2,93,41,1,51,33,7,26,51,239,8,NA,NA,21,NA,,11
Mnov_gtseq_471,130,NA,NA,63,127,27,102,31,294,31,1,20,91,25,13,14,64,5,NA,NA,2,NA,,11
Mnov_gtseq_546,130,NA,3,33,226,34,81,9,323,39,3,47,64,12,43,62,195,5,NA,NA,10,NA,,11
Mnov_gtseq_102,130,NA,7,121,406,179,4,4,18,146,1,210,242,159,47,48,418,39,NA,NA,46,NA,,12
Mnov_gtseq_148,130,NA,1,62,265,26,165,14,594,19,NA,61,44,20,54,62,355,7,NA,NA,27,2,,12
Mnov_gtseq_204,130,NA,NA,98,191,36,135,23,438,5,NA,65,115,47,34,39,241,11,NA,NA,6,2,,12
Mnov_gtseq_208,130,NA,10,109,424,155,214,NA,10,206,NA,185,237,1,72,95,413,28,NA,NA,35,NA,,12
Mnov_gtseq_227,130,NA,11,3,58,19,20,106,273,74,1,215,39,30,36,69,343,6,NA,NA,61,1,,12
Mnov_gtseq_229,130,NA,10,138,45,1,267,57,878,149,4,120,233,79,74,89,570,NA,NA,NA,16,NA,,12
Mnov_gtseq_27,130,NA,NA,124,264,59,197,56,573,1,NA,250,NA,58,53,67,340,25,NA,NA,18,1,,12
Mnov_gtseq_270,130,NA,NA,90,179,47,80,64,384,8,NA,99,20,54,29,42,187,17,NA,NA,14,NA,,12
Mnov_gtseq_299,130,NA,4,32,179,30,92,33,289,57,3,53,91,15,30,35,203,8,NA,NA,5,NA,,12
Mnov_gtseq_337,130,NA,NA,68,75,5,101,31,304,38,NA,47,103,32,32,29,180,2,NA,NA,8,NA,,12
Mnov_gtseq_360,130,NA,7,77,189,38,80,18,176,144,2,75,56,15,48,58,325,5,NA,NA,28,NA,,12
Mnov_gtseq_363,130,NA,13,23,584,199,12,8,48,222,4,261,336,6,68,105,496,31,NA,NA,34,NA,,12
Mnov_gtseq_402,130,NA,11,159,9,NA,124,146,433,106,1,177,59,128,42,62,306,NA,NA,NA,39,1,,12
Mnov_gtseq_440,130,NA,NA,109,256,88,164,71,562,6,NA,65,148,51,26,37,230,16,NA,1,8,1,,12
Mnov_gtseq_441,130,NA,8,39,2,NA,162,54,613,111,1,97,180,61,24,67,331,NA,NA,NA,23,NA,,12
Mnov_gtseq_530,130,NA,NA,39,163,33,100,20,350,34,NA,49,62,18,20,39,190,10,NA,1,13,NA,,12
Mnov_gtseq_532,130,NA,NA,44,139,17,96,25,287,30,1,33,99,25,24,27,160,3,NA,NA,6,NA,,12
Mnov_gtseq_117,130,NA,1,46,153,28,98,23,311,33,NA,40,100,37,21,27,146,3,NA,NA,3,NA,,13
Mnov_gtseq_157,130,NA,1,30,108,22,113,27,279,41,2,174,83,13,74,105,459,2,NA,NA,27,1,,13
Mnov_gtseq_159,130,NA,NA,65,110,53,42,73,219,48,NA,97,62,35,25,34,126,19,NA,NA,15,NA,,13
Mnov_gtseq_166,130,NA,NA,99,570,209,160,39,274,91,NA,57,NA,33,80,120,585,16,NA,NA,80,NA,,13
Mnov_gtseq_2,130,NA,68,111,NA,NA,106,149,420,268,1,457,327,64,87,98,540,NA,NA,NA,56,1,,13
Mnov_gtseq_213,130,NA,NA,124,232,96,127,112,414,79,NA,148,175,98,31,47,177,17,NA,1,9,NA,,13
Mnov_gtseq_223,130,NA,8,124,264,79,128,93,501,68,NA,84,141,72,21,56,312,15,NA,NA,11,NA,,13
Mnov_gtseq_230,130,NA,NA,115,207,100,115,53,235,84,NA,61,79,45,34,50,202,8,NA,NA,6,NA,,13
Mnov_gtseq_234,130,NA,1,98,222,37,146,36,487,45,NA,78,147,26,39,48,259,13,NA,NA,4,NA,,13
Mnov_gtseq_241,130,NA,64,369,NA,2,472,590,1230,284,3,336,366,457,93,131,588,2,NA,NA,83,1,,13
Mnov_gtseq_275,130,NA,1,78,155,55,93,47,347,39,1,66,119,47,23,28,165,10,NA,NA,4,NA,,13
Mnov_gtseq_291,130,NA,15,103,451,173,2,74,423,200,4,132,307,70,45,75,177,29,NA,NA,6,1,,13
Mnov_gtseq_310,130,NA,1,93,236,65,98,58,462,90,NA,114,119,54,24,61,291,16,NA,NA,16,NA,,13
Mnov_gtseq_316,130,NA,5,90,327,64,204,15,356,109,1,56,200,64,23,45,190,13,NA,NA,24,1,,13
Mnov_gtseq_326,130,NA,1,147,239,148,92,177,410,63,NA,105,135,113,14,29,140,21,NA,NA,14,1,,13
Mnov_gtseq_328,130,NA,NA,349,572,281,320,324,1045,9,NA,416,6,244,78,97,708,80,NA,NA,103,3,,13
Mnov_gtseq_332,130,NA,1,146,253,119,136,97,522,78,1,124,201,63,54,65,245,16,NA,NA,11,NA,,13
Mnov_gtseq_333,130,NA,7,53,177,26,82,22,298,62,NA,41,95,20,24,27,182,5,NA,NA,8,NA,,13
Mnov_gtseq_338,130,NA,1,209,437,198,210,195,737,101,NA,51,263,160,22,15,131,36,NA,NA,7,NA,,13
Mnov_gtseq_344,130,NA,3,336,324,97,376,281,1127,125,NA,129,216,209,59,53,348,19,NA,NA,18,NA,,13
Mnov_gtseq_354,130,NA,1,91,346,58,154,21,267,83,NA,48,58,32,47,62,308,10,NA,NA,19,NA,,13
Mnov_gtseq_372,130,NA,2,58,314,60,222,22,339,108,3,100,232,45,67,67,389,13,NA,NA,19,NA,,13
Mnov_gtseq_373,130,NA,6,140,379,96,196,93,788,101,2,143,191,68,59,81,333,17,NA,NA,11,1,,13
Mnov_gtseq_376,130,NA,32,208,16,2,167,168,803,236,7,315,393,142,74,126,744,2,NA,NA,59,NA,,13
Mnov_gtseq_383,130,NA,5,139,354,74,185,73,675,124,1,93,216,78,51,66,341,15,NA,NA,19,1,,13
Mnov_gtseq_415,130,NA,NA,191,513,138,253,117,921,4,NA,220,2,124,70,105,476,31,NA,NA,24,1,,13
Mnov_gtseq_437,130,NA,2,66,231,31,135,28,509,69,1,76,146,27,39,52,268,3,NA,NA,10,NA,,13
Mnov_gtseq_45,130,NA,NA,221,194,86,119,196,558,NA,NA,295,NA,106,66,100,447,23,NA,NA,83,NA,,13
Mnov_gtseq_46,130,NA,3,240,22,5,214,279,693,191,1,448,260,164,108,107,604,1,NA,NA,28,NA,,13
Mnov_gtseq_473,130,NA,10,147,422,94,258,79,745,113,3,117,217,67,59,82,426,17,NA,NA,15,NA,,13
Mnov_gtseq_5,130,NA,5,72,314,40,194,26,673,90,1,67,198,33,58,81,408,14,NA,NA,10,NA,,13
Mnov_gtseq_504,130,NA,24,173,1,NA,137,98,576,149,NA,165,179,83,57,74,365,NA,NA,NA,28,NA,,13
Mnov_gtseq_509,130,NA,NA,59,196,29,123,20,430,51,1,52,123,26,42,36,241,13,NA,NA,7,NA,,13
Mnov_gtseq_514,130,NA,60,253,621,134,237,121,758,182,7,41,113,137,11,17,179,27,NA,NA,1,1,,13
Mnov_gtseq_533,130,NA,12,97,284,46,173,46,683,111,NA,21,164,50,22,21,115,3,NA,NA,3,1,,13
Mnov_gtseq_548,130,NA,9,166,338,163,112,2,47,147,1,176,252,109,56,77,383,29,NA,NA,11,NA,,13
Mnov_gtseq_60,130,NA,14,256,322,57,364,174,1172,217,NA,105,358,146,54,80,322,7,NA,NA,14,NA,,13
Mnov_gtseq_81,130,NA,NA,238,383,191,218,136,427,162,1,114,154,91,57,84,453,17,NA,NA,14,NA,,13
Mnov_gtseq_82,130,NA,1,53,305,154,90,62,167,91,1,188,118,18,36,35,236,24,NA,NA,18,NA,,13
Mnov_gtseq_115,130,NA,NA,111,309,100,142,64,401,36,NA,176,73,49,58,71,326,22,NA,NA,13,NA,,14
Mnov_gtseq_124,130,NA,34,165,29,3,144,120,667,154,7,114,186,75,56,108,466,1,NA,NA,35,NA,,14
Mnov_gtseq_140,130,NA,26,229,469,217,257,3,7,141,3,252,202,73,51,91,486,30,NA,NA,69,2,,14
Mnov_gtseq_149,130,NA,5,84,242,60,232,99,673,186,1,194,272,50,66,83,445,11,NA,NA,22,NA,,14
Mnov_gtseq_155,130,NA,14,128,330,44,317,29,786,166,8,114,301,41,98,110,677,7,NA,NA,26,NA,,14
Mnov_gtseq_156,130,NA,2,179,234,122,198,144,549,79,1,143,208,104,45,57,295,21,NA,NA,6,NA,,14
Mnov_gtseq_161,130,NA,4,111,286,117,117,158,577,122,1,209,163,115,55,56,377,16,NA,NA,26,NA,,14
Mnov_gtseq_200,130,NA,2,105,282,168,144,167,423,103,1,88,130,117,28,35,229,38,NA,NA,10,NA,,14
Mnov_gtseq_224,130,NA,12,208,447,125,236,129,889,179,3,64,301,39,31,43,180,32,NA,NA,7,1,,14
Mnov_gtseq_238,130,NA,8,39,358,151,63,31,191,136,2,289,169,15,61,92,482,21,NA,NA,57,3,,14
Mnov_gtseq_247,130,NA,3,86,226,45,133,38,454,65,NA,67,116,44,37,36,230,9,NA,NA,20,2,,14
Mnov_gtseq_258,130,NA,11,291,212,98,314,262,982,206,3,306,364,203,55,45,315,11,NA,NA,31,1,,14
Mnov_gtseq_276,130,NA,14,170,320,84,210,108,491,144,2,147,239,84,58,84,400,29,NA,NA,14,NA,,14
Mnov_gtseq_288,130,NA,NA,147,182,122,97,228,484,46,1,174,157,107,42,48,267,20,NA,NA,9,NA,,14
Mnov_gtseq_297,130,NA,5,96,244,110,135,125,418,95,2,534,130,76,96,101,605,18,NA,NA,55,NA,,14
Mnov_gtseq_30,130,NA,11,44,320,132,9,52,184,119,4,109,115,66,50,65,349,39,NA,NA,61,NA,,14
Mnov_gtseq_301,130,NA,2,115,260,58,156,35,475,87,NA,86,152,52,30,53,134,20,NA,NA,12,NA,,14
Mnov_gtseq_305,130,NA,NA,199,357,114,225,113,728,115,1,45,255,101,21,26,160,30,NA,NA,1,NA,,14
Mnov_gtseq_307,130,NA,30,54,271,33,149,18,412,173,4,149,312,21,74,115,538,8,NA,NA,35,2,,14
Mnov_gtseq_327,130,NA,6,194,379,166,203,92,367,170,2,115,137,78,57,101,411,13,NA,NA,41,1,,14
Mnov_gtseq_339,130,NA,18,210,406,179,280,215,984,202,NA,278,319,158,51,55,129,39,NA,NA,7,1,,14
Mnov_gtseq_347,130,NA,NA,180,284,155,164,143,652,33,NA,178,41,143,40,68,328,30,NA,NA,12,1,,14
Mnov_gtseq_37,130,NA,5,422,139,45,365,395,1323,305,2,450,443,264,111,167,692,8,NA,NA,42,NA,,14
Mnov_gtseq_4,130,NA,4,295,535,198,294,201,1085,219,2,53,351,165,30,50,164,38,NA,NA,3,NA,,14
Mnov_gtseq_447,130,NA,16,168,446,110,263,125,895,142,3,182,264,126,63,86,467,24,NA,NA,18,NA,,14
Mnov_gtseq_448,130,NA,4,141,315,91,187,82,659,122,3,120,209,84,45,72,331,23,NA,NA,19,NA,,14
Mnov_gtseq_474,130,NA,19,193,247,49,262,129,830,219,1,193,374,110,55,104,635,10,NA,NA,43,1,,14
Mnov_gtseq_50,130,NA,32,339,47,8,369,300,1257,299,6,416,479,250,95,113,718,2,NA,NA,63,NA,,14
Mnov_gtseq_502,130,NA,2,140,266,67,157,80,598,76,2,121,190,84,38,41,311,20,NA,NA,14,1,,14
Mnov_gtseq_51,130,NA,3,190,570,151,258,91,803,179,NA,108,347,78,57,80,349,43,NA,NA,2,NA,,14
Mnov_gtseq_517,130,NA,2,97,145,32,127,78,495,90,1,75,128,56,39,57,245,12,NA,1,30,NA,,14
Mnov_gtseq_545,130,NA,2,105,278,71,162,56,552,41,2,110,75,58,58,65,269,21,NA,NA,13,NA,,14
Mnov_gtseq_58,130,NA,3,96,94,43,156,220,561,103,1,171,226,147,35,54,257,4,NA,NA,24,1,,14
Mnov_gtseq_67,130,NA,2,77,355,162,103,98,348,54,2,194,93,51,45,65,363,17,NA,NA,27,3,,14
Mnov_gtseq_80,130,NA,10,178,467,110,323,110,1038,162,2,186,291,108,91,117,568,7,NA,NA,42,1,,14
Mnov_gtseq_86,130,NA,72,58,778,568,93,51,213,311,4,91,370,37,22,42,5,101,NA,NA,16,1,,14
Mnov_gtseq_10,130,NA,10,269,475,236,171,279,954,185,1,177,332,249,57,94,449,58,NA,NA,53,1,,15
Mnov_gtseq_110,130,NA,2,120,1277,181,315,28,562,219,2,381,585,22,216,329,2032,44,NA,NA,37,1,,15
Mnov_gtseq_113,130,NA,3,223,422,170,229,168,871,105,2,251,211,144,70,87,465,32,NA,NA,26,NA,,15
Mnov_gtseq_13,130,NA,2,498,690,424,424,349,965,117,3,485,183,36,111,150,691,80,1,NA,97,1,,15
Mnov_gtseq_152,130,NA,16,248,536,173,292,150,963,228,4,235,311,113,90,133,613,33,NA,NA,59,NA,,15
Mnov_gtseq_154,130,NA,25,119,123,34,63,68,299,113,3,132,65,45,42,48,262,7,NA,NA,42,NA,,15
Mnov_gtseq_16,130,NA,15,227,493,183,279,190,879,221,3,249,283,159,70,94,451,46,NA,NA,54,4,,15
Mnov_gtseq_167,130,NA,36,41,454,97,86,20,261,178,NA,175,239,12,60,100,460,28,NA,NA,23,2,,15
Mnov_gtseq_17,130,NA,18,302,560,194,359,196,1203,205,2,284,375,152,84,120,639,41,NA,NA,34,2,,15
Mnov_gtseq_174,130,NA,3,119,319,92,205,103,660,105,NA,123,197,86,47,83,247,32,NA,NA,28,NA,,15
Mnov_gtseq_195,130,NA,74,42,757,361,42,22,184,323,5,356,459,10,102,141,722,81,NA,NA,40,2,,15
Mnov_gtseq_201,130,NA,7,201,395,226,138,113,505,99,6,410,158,136,87,109,580,87,NA,NA,66,1,,15
Mnov_gtseq_203,130,NA,NA,187,273,64,203,112,583,106,NA,231,242,69,77,88,494,28,NA,NA,25,2,,15
Mnov_gtseq_206,130,NA,17,339,639,301,329,339,1146,270,5,424,403,282,97,113,697,64,NA,NA,70,2,,15
Mnov_gtseq_209,130,NA,27,171,555,179,326,128,638,263,6,301,354,13,90,117,617,45,NA,NA,63,NA,,15
Mnov_gtseq_21,130,NA,3,452,698,629,282,734,1083,29,1,584,47,426,101,95,587,111,NA,1,101,1,,15
Mnov_gtseq_211,130,NA,4,181,327,250,217,155,489,133,NA,266,254,126,64,85,388,32,NA,NA,22,NA,,15
Mnov_gtseq_23,130,NA,2,273,441,220,272,274,735,84,NA,293,141,186,69,85,533,42,NA,NA,34,1,,15
Mnov_gtseq_235,130,NA,11,216,375,181,251,210,804,225,5,244,265,136,73,126,443,29,NA,1,31,NA,,15
Mnov_gtseq_244,130,NA,1,55,472,272,99,44,280,57,3,256,131,30,67,97,508,39,NA,NA,21,4,,15
Mnov_gtseq_246,130,NA,39,313,345,123,261,154,763,215,3,308,311,93,102,106,512,3,NA,NA,103,NA,,15
Mnov_gtseq_25,130,NA,11,322,752,337,263,310,1274,293,4,481,370,107,127,156,776,71,NA,NA,60,NA,,15
Mnov_gtseq_255,130,NA,24,319,591,250,351,314,1088,242,6,93,393,269,42,42,242,40,NA,NA,8,NA,,15
Mnov_gtseq_257,130,NA,18,306,527,303,351,359,1083,257,2,333,400,259,88,131,539,41,NA,NA,45,NA,,15
Mnov_gtseq_260,130,NA,2,207,446,178,271,185,816,32,NA,230,49,136,63,94,440,31,NA,NA,35,2,,15
Mnov_gtseq_28,130,NA,47,497,173,55,426,705,1555,352,2,349,492,418,53,62,546,13,NA,NA,56,1,,15
Mnov_gtseq_281,130,NA,9,59,198,162,62,68,174,47,2,141,79,36,27,36,142,33,NA,NA,27,NA,,15
Mnov_gtseq_289,130,NA,15,289,431,278,200,335,868,150,1,303,252,236,53,94,444,51,NA,NA,50,NA,,15
Mnov_gtseq_29,130,NA,21,538,674,454,503,883,1449,238,4,78,345,639,26,28,241,134,NA,NA,12,6,,15
Mnov_gtseq_292,130,NA,10,144,297,144,115,152,430,147,4,205,210,100,42,66,416,44,NA,NA,27,NA,,15
Mnov_gtseq_311,130,NA,13,169,345,146,220,137,702,157,3,177,208,118,50,72,384,31,NA,NA,27,NA,,15
Mnov_gtseq_312,130,NA,4,219,282,188,208,250,593,130,4,206,269,132,27,52,419,35,NA,NA,26,NA,,15
Mnov_gtseq_313,130,NA,14,334,410,142,342,323,1004,254,NA,337,355,222,99,115,571,37,1,NA,64,NA,,15
Mnov_gtseq_314,130,NA,1,147,262,152,176,176,611,111,2,355,193,104,68,100,487,22,NA,NA,47,2,,15
Mnov_gtseq_322,130,NA,2,142,377,215,139,199,599,115,3,115,142,90,64,71,315,24,NA,NA,23,1,,15
Mnov_gtseq_323,130,NA,18,351,564,340,318,427,1074,199,2,395,332,256,79,106,565,46,NA,NA,64,NA,,15
Mnov_gtseq_340,130,NA,14,191,418,129,215,94,777,160,1,192,215,103,45,75,376,35,NA,NA,43,2,,15
Mnov_gtseq_345,130,NA,22,205,457,194,201,199,662,180,2,125,251,156,57,79,17,41,NA,NA,27,1,,15
Mnov_gtseq_370,130,NA,46,97,363,67,248,49,736,141,1,86,225,44,83,90,419,8,NA,NA,42,2,,15
Mnov_gtseq_377,130,NA,2,77,273,77,106,74,580,74,NA,121,211,65,42,56,274,29,NA,NA,23,NA,,15
Mnov_gtseq_379,130,NA,11,150,419,81,270,76,838,214,1,175,310,92,79,117,621,22,NA,NA,60,4,,15
Mnov_gtseq_399,130,NA,14,77,507,95,178,24,543,113,NA,185,166,43,68,136,552,35,NA,1,31,NA,,15
Mnov_gtseq_413,130,NA,26,175,250,48,256,118,979,220,2,212,336,84,73,141,541,13,NA,NA,28,1,,15
Mnov_gtseq_446,130,NA,20,133,388,99,239,73,733,97,2,140,181,78,59,97,417,12,NA,NA,46,NA,,15
Mnov_gtseq_460,130,NA,19,157,537,283,144,158,468,233,NA,320,352,117,80,133,521,49,NA,1,35,2,,15
Mnov_gtseq_470,130,NA,9,299,449,259,270,410,949,218,2,386,354,232,84,144,530,42,NA,NA,60,1,,15
Mnov_gtseq_48,130,NA,15,374,688,326,361,191,638,279,1,218,236,152,110,135,656,34,NA,NA,33,2,,15
Mnov_gtseq_515,130,NA,28,128,250,79,105,81,445,88,4,117,73,99,47,59,265,19,NA,NA,29,NA,,15
Mnov_gtseq_518,130,NA,3,63,632,401,67,68,442,26,1,203,44,51,54,84,364,66,NA,NA,46,4,,15
Mnov_gtseq_53,130,NA,12,296,627,189,350,187,1128,242,2,306,416,163,83,128,711,39,NA,NA,42,1,,15
Mnov_gtseq_535,130,NA,28,119,296,49,201,46,705,130,2,96,186,37,52,83,350,12,NA,NA,27,2,,15
Mnov_gtseq_55,130,NA,13,195,538,331,84,317,880,234,NA,254,250,140,70,89,509,67,NA,NA,33,NA,,15
Mnov_gtseq_56,130,NA,16,177,472,286,87,252,541,217,NA,360,156,99,81,114,501,78,NA,NA,47,NA,,15
Mnov_gtseq_62,130,NA,3,143,398,287,107,201,438,181,NA,253,231,179,67,69,337,41,NA,1,22,NA,,15
Mnov_gtseq_64,130,NA,6,376,611,435,242,523,1021,78,2,414,146,293,76,121,588,72,NA,NA,58,2,,15
Mnov_gtseq_69,130,NA,19,511,717,445,471,637,1558,336,8,611,537,429,140,157,839,76,NA,1,103,2,,15
Mnov_gtseq_70,130,NA,7,305,459,146,368,231,1140,228,2,334,406,217,116,130,605,42,NA,NA,29,1,,15
Mnov_gtseq_75,130,NA,NA,376,744,213,383,248,1491,66,1,385,93,222,116,162,816,57,NA,NA,61,5,,15
Mnov_gtseq_79,130,NA,3,135,394,238,152,149,524,110,NA,257,292,84,61,91,275,47,NA,NA,24,NA,,15
Mnov_gtseq_8,130,NA,11,246,424,266,218,259,831,168,2,147,260,172,44,61,315,50,NA,NA,24,NA,,15
Mnov_gtseq_93,130,1,19,158,375,54,240,89,961,192,1,171,262,104,69,130,523,22,NA,NA,48,3,,15
Mnov_gtseq_94,130,NA,3,171,345,320,70,377,350,148,1,274,130,134,46,59,105,75,NA,NA,36,NA,,15
Mnov_gtseq_1,130,1,38,551,815,701,433,969,1593,470,2,667,629,540,108,159,919,107,NA,NA,93,2,,16
Mnov_gtseq_104,130,NA,28,84,469,263,87,81,277,167,3,296,300,40,74,83,503,40,NA,NA,31,NA,,16
Mnov_gtseq_125,130,NA,31,265,558,168,286,166,1094,243,1,267,284,182,84,96,479,47,NA,NA,32,1,,16
Mnov_gtseq_138,130,NA,47,282,415,125,278,245,1046,222,4,285,89,170,98,111,555,33,NA,NA,49,1,,16
Mnov_gtseq_141,130,NA,28,381,584,331,356,343,1186,283,5,384,388,274,94,138,620,71,NA,NA,63,1,,16
Mnov_gtseq_158,130,NA,26,245,773,328,399,225,1308,157,6,351,229,180,108,139,860,67,NA,NA,92,6,,16
Mnov_gtseq_162,130,NA,59,161,586,313,93,236,612,239,7,333,191,107,94,111,565,77,NA,NA,85,2,,16
Mnov_gtseq_170,130,NA,42,375,656,357,373,479,1170,266,3,408,309,323,93,130,642,66,NA,NA,43,1,,16
Mnov_gtseq_19,130,NA,109,71,945,519,123,50,301,435,8,544,505,35,121,177,924,101,NA,NA,88,4,,16
Mnov_gtseq_190,130,NA,52,416,734,413,345,432,1336,359,5,428,400,322,140,132,683,72,NA,NA,51,1,,16
Mnov_gtseq_193,130,NA,47,463,769,661,305,955,1339,254,5,570,332,470,97,159,781,116,1,NA,103,4,,16
Mnov_gtseq_197,130,NA,51,271,586,556,121,523,595,308,NA,494,211,214,69,98,519,88,NA,NA,124,NA,,16
Mnov_gtseq_202,130,NA,21,184,366,154,180,152,740,158,4,199,235,117,57,66,432,38,NA,NA,34,NA,,16
Mnov_gtseq_205,130,NA,82,358,594,360,338,369,1206,283,5,412,404,317,86,141,641,74,NA,NA,93,4,,16
Mnov_gtseq_215,130,NA,41,304,653,231,329,239,1154,248,2,152,359,217,52,66,588,40,NA,NA,37,1,,16
Mnov_gtseq_218,130,NA,70,178,414,217,114,214,589,233,7,105,167,128,28,55,224,47,NA,NA,20,2,,16
Mnov_gtseq_219,130,NA,58,262,508,299,263,351,1004,237,4,350,338,232,78,98,516,72,NA,NA,55,2,,16
Mnov_gtseq_225,130,NA,118,311,670,486,137,451,797,307,6,248,260,224,98,158,665,115,NA,NA,106,1,,16
Mnov_gtseq_232,130,NA,69,325,620,371,187,428,937,247,2,449,251,246,84,138,551,65,NA,NA,66,1,,16
Mnov_gtseq_237,130,NA,25,350,720,254,383,165,1086,189,3,257,326,165,80,132,725,53,NA,NA,29,3,,16
Mnov_gtseq_240,130,NA,23,233,462,187,205,189,820,169,2,206,265,159,72,106,475,26,1,NA,45,1,,16
Mnov_gtseq_243,130,NA,39,310,684,464,112,486,712,324,6,506,315,193,102,132,740,100,NA,NA,67,1,,16
Mnov_gtseq_248,130,NA,56,364,562,337,320,295,893,291,NA,349,386,220,72,90,576,54,NA,NA,48,1,,16
Mnov_gtseq_251,130,NA,29,253,505,228,252,210,759,227,2,282,266,139,75,98,431,51,NA,NA,47,NA,,16
Mnov_gtseq_254,130,NA,42,297,598,266,305,290,1168,251,7,339,413,259,93,159,607,60,NA,NA,31,2,,16
Mnov_gtseq_26,130,1,228,617,883,807,263,138,185,458,12,741,546,608,104,155,885,134,NA,NA,117,8,,16
Mnov_gtseq_265,130,NA,48,319,517,331,296,388,1011,236,3,362,351,260,77,122,567,57,NA,2,53,4,,16
Mnov_gtseq_277,130,NA,21,378,611,402,205,627,1011,181,12,674,285,246,136,180,904,70,NA,NA,78,2,,16
Mnov_gtseq_284,130,NA,85,401,704,595,312,744,1100,339,4,528,387,372,78,126,680,91,NA,NA,89,NA,,16
Mnov_gtseq_285,130,NA,61,359,382,186,395,370,1268,294,9,420,442,291,106,132,684,78,NA,NA,78,2,,16
Mnov_gtseq_321,130,NA,71,484,777,526,336,768,1367,306,4,355,433,398,61,89,513,114,NA,NA,84,1,,16
Mnov_gtseq_33,130,NA,34,426,358,217,329,756,1299,304,3,230,438,462,28,46,396,48,NA,1,28,NA,,16
Mnov_gtseq_334,130,NA,40,319,657,237,332,251,1244,264,3,351,301,218,123,154,703,47,NA,NA,51,3,,16
Mnov_gtseq_38,130,NA,29,465,474,165,314,436,1329,329,2,221,460,291,63,105,472,40,NA,NA,35,3,,16
Mnov_gtseq_40,130,NA,45,236,495,185,342,177,1098,266,5,238,276,185,87,118,543,30,NA,2,50,1,,16
Mnov_gtseq_416,130,NA,78,358,683,155,551,212,1918,264,9,487,404,252,155,220,1259,27,NA,NA,134,3,,16
Mnov_gtseq_42,130,NA,60,457,783,568,388,538,1369,362,4,540,528,425,124,162,753,114,NA,NA,71,2,,16
Mnov_gtseq_43,130,NA,21,116,381,128,149,94,567,247,9,723,382,50,129,194,1029,22,NA,NA,24,1,,16
Mnov_gtseq_434,130,NA,38,376,589,389,337,473,1149,237,1,426,395,305,84,93,715,74,NA,NA,73,1,,16
Mnov_gtseq_451,130,NA,59,204,592,209,263,136,935,209,4,296,334,123,77,100,653,40,NA,NA,47,3,,16
Mnov_gtseq_461,130,NA,21,183,433,140,212,143,815,167,6,205,242,129,49,69,505,34,NA,NA,35,NA,,16
Mnov_gtseq_479,130,NA,40,338,668,290,359,283,1275,301,4,380,392,260,104,134,673,67,NA,NA,53,1,,16
Mnov_gtseq_523,130,NA,27,180,473,131,247,106,873,169,5,224,235,112,87,98,518,23,NA,NA,41,NA,,16
Mnov_gtseq_547,130,NA,23,49,447,181,110,23,163,181,2,290,289,28,67,90,616,31,NA,NA,25,NA,,16
Mnov_gtseq_61,130,NA,36,196,728,402,180,391,1128,293,1,467,418,268,98,136,584,81,NA,NA,62,1,,16
Mnov_gtseq_65,130,NA,75,507,904,616,243,883,1432,419,5,512,498,380,133,175,696,114,NA,NA,58,NA,,16
Mnov_gtseq_66,130,NA,42,240,541,201,139,207,710,286,4,267,222,47,74,88,462,56,NA,NA,40,NA,,16
Mnov_gtseq_68,130,NA,29,74,263,61,70,32,306,354,3,273,550,132,96,126,680,21,NA,NA,81,1,,16
Mnov_gtseq_71,130,NA,41,394,751,277,433,252,1346,337,5,367,487,200,122,157,789,56,NA,NA,47,3,,16
Mnov_gtseq_72,130,NA,113,386,642,409,335,445,1167,265,4,408,313,320,84,121,177,69,NA,NA,95,4,,16
Mnov_gtseq_73,130,NA,23,484,720,589,342,959,1196,312,2,604,412,441,62,73,665,88,NA,NA,45,NA,,16
Mnov_gtseq_74,130,NA,36,513,851,508,380,579,1557,326,2,352,453,389,106,170,913,86,NA,NA,127,4,,16
Mnov_gtseq_84,130,NA,28,260,617,377,150,90,427,240,3,372,362,63,93,112,649,46,NA,NA,41,2,,16
Mnov_gtseq_88,130,NA,30,70,280,109,71,94,316,131,1,192,122,54,40,67,322,30,NA,NA,25,NA,,16
Mnov_gtseq_90,130,NA,85,479,789,432,286,323,1079,383,5,287,510,363,118,159,557,100,NA,NA,24,2,,16
Mnov_gtseq_98,130,NA,28,384,628,459,244,497,1045,269,2,457,361,306,79,109,657,103,NA,NA,60,NA,,16
Mnov_gtseq_541,130,1,295,326,1321,770,433,291,1314,424,196,884,463,219,226,279,1498,126,NA,NA,210,56,,18
,,,,,,,,,,,,,,,,,,,,,,,,
Locs with 20 reads,,0,87,279,316,250,297,237,323,274,1,288,302,230,275,295,330,162,0,0,187,1,,