,Locus,fwd,rev,fwd+rev,LocusID,FWD,REV,PAIRED,PROBES,PAIRED.PROBE,Primer_Agreement,in.panel,Exclude from panel,num.haps.val,genos.val,num.haps.prod,genos.prod
14,Mnov_gtseq_110,1,663,664,RYZJ01000567_792743,3357,12082,2004,2063,1992,43.49%,TRUE,x,3,28,3,76
116,Mnov_gtseq_203,2,73,75,RYZJ01001553_1414433,2593,5900,2292,2383,2283,61.06%,TRUE,x,2,53,3,184
133,Mnov_gtseq_219,14,40,54,RYZJ01001349_1595330,28543,18594,3331,3521,3369,78.89%,TRUE,x,,,,
145,Mnov_gtseq_23,1929,1,1930,RYZJ01000037_97989,5960,2954,2706,2819,2692,66.28%,TRUE,x,4,58,5,238
188,Mnov_gtseq_27,1,1,2,RYZJ01002201_131233,14229,2898,2584,2754,2596,33.84%,TRUE,x,2,53,2,323
195,Mnov_gtseq_276,34,1,35,RYZJ01000174_5337531,3357,6560,1318,1366,1314,67.70%,TRUE,x,2,24,2,231
210,Mnov_gtseq_29,1,1,2,RYZJ01002165_162593,39358,20304,5804,6313,5884,68.06%,TRUE,x,2,83,2,345
212,Mnov_gtseq_292,211,1,212,RYZJ01000131_3094297,35367,3679,3144,3258,3119,18.84%,TRUE,x,3,62,2,273
224,Mnov_gtseq_302,1403,1,1404,RYZJ01002156_10512432,6305,3227,1227,2328,2136,67.71%,TRUE,x,,,,
239,Mnov_gtseq_316,265,1,266,RYZJ01001576_7211639,2411,7990,1070,1130,1067,46.36%,TRUE,x,2,18,2,193
311,Mnov_gtseq_381,1,179,180,RYZJ01000661_7733561,970,726,122,137,128,85.61%,TRUE,x,,,,
326,Mnov_gtseq_395,1,818,819,RYZJ01002031_74693,2960,7337,104,114,107,57.49%,TRUE,x,2,1,2,58
357,Mnov_gtseq_422,18,1,19,RYZJ01001955_934476,489,2742,186,183,168,30.27%,TRUE,x,,,,
399,Mnov_gtseq_460,1,29,30,RYZJ01001939_9688695,3541,3294,2498,2698,2509,96.39%,TRUE,x,2,62,2,297
456,Mnov_gtseq_530,73,1,74,RYZJ01002393_4786351,521,1813,495,495,474,44.64%,TRUE,x,2,6,3,134
461,Mnov_gtseq_535,1,1,2,RYZJ01000575_541168,1,2,0,0,0,66.67%,TRUE,x,,,,
1,Mnov_gtseq_1,1,1,2,RYZJ01000052_7364,6723,12609,5836,6205,5892,69.55%,TRUE,,2,83,2,327
2,Mnov_gtseq_10,1,1,2,RYZJ01002554_11077385,3128,17410,2802,2960,2828,30.46%,TRUE,,2,49,2,285
3,Mnov_gtseq_100,1,1,2,NA,NA,NA,NA,NA,NA,NA,FALSE,,,,,
4,Mnov_gtseq_101,1,1,2,RYZJ01000842_761070,1,0,0,0,0,0.00%,FALSE,,,,,
5,Mnov_gtseq_102,1,1,2,RYZJ01000842_902707,2718,7173,2165,2300,2160,54.96%,TRUE,,2,40,2,253
6,Mnov_gtseq_103,174,6,180,RYZJ01002270_761627,132677,20681,527,517,499,26.97%,FALSE,,,,,
7,Mnov_gtseq_104,6,1,7,RYZJ01001767_763727,2357,7046,1973,2060,1962,50.13%,TRUE,,2,40,2,296
8,Mnov_gtseq_105,1,1,2,NA,NA,NA,NA,NA,NA,NA,FALSE,,,,,
9,Mnov_gtseq_106,1,1,2,RYZJ01001489_779632,2437,5610,478,488,470,60.57%,TRUE,,2,5,3,85
10,Mnov_gtseq_107,1,1,2,RYZJ01001489_4010277,635,5038,613,553,523,22.39%,TRUE,,2,6,2,41
11,Mnov_gtseq_108,1,1,2,RYZJ01001489_6109194,140,2099,142,109,105,12.51%,TRUE,,,,,
12,Mnov_gtseq_109,1,1,2,RYZJ01001489_9156920,1,0,0,0,0,0.00%,FALSE,,,,,
13,Mnov_gtseq_11,1,1,2,NA,NA,NA,NA,NA,NA,NA,FALSE,,,,,
15,Mnov_gtseq_111,1,1,2,RYZJ01000567_1480099,1642,165,155,169,160,18.26%,TRUE,,,,,
16,Mnov_gtseq_112,1,2,3,RYZJ01001604_807323,2719,1318,1087,1135,1081,65.30%,TRUE,,2,19,2,205
17,Mnov_gtseq_113,1,1,2,RYZJ01001604_3090406,2762,3259,2574,2587,2514,91.75%,TRUE,,2,48,2,247
18,Mnov_gtseq_114,1,1,2,RYZJ01002178_813371,953,1119,792,846,804,91.99%,TRUE,,2,13,3,128
19,Mnov_gtseq_115,1,1,2,RYZJ01002178_1956936,2338,1627,1082,1099,1035,82.07%,TRUE,,1,21,1,190
20,Mnov_gtseq_116,1,1,2,RYZJ01001754_815329,2362,1373,939,941,905,73.52%,TRUE,,2,15,2,60
21,Mnov_gtseq_117,1,1,2,RYZJ01000506_817901,1073,1190,978,1032,978,94.83%,TRUE,,2,16,2,75
22,Mnov_gtseq_118,1,1,2,RYZJ01001450_819025,1175,856,705,731,701,84.29%,TRUE,,2,9,2,151
23,Mnov_gtseq_119,1184,6,1190,NA,NA,NA,NA,NA,NA,NA,FALSE,,,,,
24,Mnov_gtseq_12,1,1,2,RYZJ01000802_37358,3594,2853,2681,2804,2683,88.51%,TRUE,,2,51,2,297
25,Mnov_gtseq_120,1,1,2,NA,NA,NA,NA,NA,NA,NA,FALSE,,,,,
26,Mnov_gtseq_122,1,1,2,NA,NA,NA,NA,NA,NA,NA,FALSE,,,,,
27,Mnov_gtseq_123,1,1,2,RYZJ01001043_4722669,1,0,0,0,0,0.00%,FALSE,,,,,
28,Mnov_gtseq_124,1,1,2,RYZJ01001043_5199809,1227,1414,1105,1166,1100,92.92%,TRUE,,2,21,4,266
29,Mnov_gtseq_125,1,1,2,RYZJ01001043_5843096,2299,2402,2138,2273,2161,97.81%,TRUE,,3,45,3,280
30,Mnov_gtseq_126,13,1,14,RYZJ01001955_1452015,3365,24387,3170,3265,3144,24.25%,TRUE,,2,63,2,308
31,Mnov_gtseq_127,1,2,3,RYZJ01002393_2624644,2293,3176,1962,2081,1963,83.85%,TRUE,,2,36,2,242
32,Mnov_gtseq_128,1,1,2,RYZJ01002393_3293240,908,898,726,773,719,99.45%,TRUE,,3,13,3,63
33,Mnov_gtseq_129,1,1,2,RYZJ01002440_1595905,2517,2355,2179,2293,2208,96.67%,TRUE,,3,44,5,289
34,Mnov_gtseq_13,1,1,2,RYZJ01000157_1329992,4126,6434,3363,3876,3393,78.14%,TRUE,,3,74,3,313
35,Mnov_gtseq_130,2,1,3,RYZJ01002440_2625151,506,5797,412,443,418,16.06%,TRUE,,3,8,3,151
36,Mnov_gtseq_131,1,3,4,RYZJ01002440_3118739,1,0,0,0,0,0.00%,FALSE,,,,,
37,Mnov_gtseq_132,118,903,1021,NA,NA,NA,NA,NA,NA,NA,FALSE,,,,,
38,Mnov_gtseq_133,1,1,2,RYZJ01000092_1013156,1651,605676,1472,1555,1471,0.54%,FALSE,,,,,
39,Mnov_gtseq_134,1,1,2,RYZJ01000030_11277919,175,405,168,148,144,60.34%,TRUE,,,,2,26
40,Mnov_gtseq_135,1,1,2,RYZJ01000030_15713871,2334,2337,1310,1391,1304,99.94%,TRUE,,1,42,1,290
41,Mnov_gtseq_136,1,1,2,NA,NA,NA,NA,NA,NA,NA,FALSE,,,,,
42,Mnov_gtseq_137,1,1,2,RYZJ01001723_1264045,91,58,56,60,57,77.85%,TRUE,,,,,
43,Mnov_gtseq_138,1,1,2,RYZJ01001723_1881624,2335,2191,1827,1872,1792,96.82%,TRUE,,3,32,3,301
44,Mnov_gtseq_139,1,2,3,RYZJ01001307_1806117,2309,624,426,466,393,42.55%,TRUE,,1,1,2,60
45,Mnov_gtseq_14,4,1546,1550,NA,NA,NA,NA,NA,NA,NA,FALSE,,,,,
46,Mnov_gtseq_140,1,1,2,RYZJ01001076_1108983,3748,2877,2504,2677,2459,86.85%,TRUE,,2,49,2,318
47,Mnov_gtseq_141,1,1,2,RYZJ01001076_1704348,4155,8038,3529,3732,3556,68.15%,TRUE,,2,72,2,298
48,Mnov_gtseq_142,1049,407,1456,NA,NA,NA,NA,NA,NA,NA,FALSE,,,,,
49,Mnov_gtseq_143,1,1,2,RYZJ01002154_1124847,5745,1459,1279,1431,1336,40.51%,TRUE,,2,23,3,202
50,Mnov_gtseq_144,1,1,2,RYZJ01002154_3352117,6167,1806,994,1066,976,45.30%,TRUE,,1,15,1,164
51,Mnov_gtseq_145,1,1,2,RYZJ01000575_1136640,1268,1162,1090,1155,1094,95.64%,TRUE,,2,20,2,239
52,Mnov_gtseq_146,1,1,2,RYZJ01000575_6420712,57,59,19,19,19,98.28%,TRUE,,,,,
53,Mnov_gtseq_147,6,1,7,RYZJ01000575_6606724,515,2906,186,181,178,30.11%,TRUE,,,,3,55
54,Mnov_gtseq_148,1,1,2,RYZJ01000575_7568863,876,1365,800,829,795,78.18%,TRUE,,3,12,4,134
55,Mnov_gtseq_149,1,1,2,RYZJ01000575_9418048,3047,2648,2295,2410,2289,92.99%,TRUE,,2,50,2,236
56,Mnov_gtseq_15,1,1,2,RYZJ01000902_6811372,4028,3308,2511,2647,2490,90.19%,TRUE,,2,47,2,302
57,Mnov_gtseq_150,1,1,2,NA,NA,NA,NA,NA,NA,NA,FALSE,,,,,
58,Mnov_gtseq_151,1,1,2,RYZJ01000575_16496974,1300,1659,1095,1118,1070,87.87%,TRUE,,1,22,1,260
59,Mnov_gtseq_152,1,1,2,RYZJ01001842_1147534,4989,3337,3018,3181,3005,80.16%,TRUE,,2,55,2,260
60,Mnov_gtseq_153,1,1,2,RYZJ01000962_1150031,1,0,0,0,0,0.00%,FALSE,,,,,
61,Mnov_gtseq_154,1,1,2,RYZJ01000962_3545221,1823,964,852,890,857,69.18%,TRUE,,3,14,3,198
62,Mnov_gtseq_155,1,2,3,RYZJ01000438_1174189,2779,1518,849,913,849,70.65%,TRUE,,,,,
63,Mnov_gtseq_156,1,1,2,RYZJ01000438_2356847,8631,2834,2645,2755,2637,49.44%,TRUE,,1,56,1,194
64,Mnov_gtseq_157,1,1,2,RYZJ01001228_1185223,31721,8465,2942,3197,2983,42.13%,TRUE,,2,68,2,309
65,Mnov_gtseq_158,1,1,2,RYZJ01001335_1189743,5421,5956,3725,3909,3722,95.30%,TRUE,,2,72,2,327
66,Mnov_gtseq_159,1,4,5,RYZJ01000696_1195944,4546,26986,1806,2105,1891,28.83%,TRUE,,3,42,3,140
67,Mnov_gtseq_16,1,1,2,RYZJ01002356_61049,3163,2547,2166,2266,2173,89.21%,TRUE,,2,42,2,283
68,Mnov_gtseq_160,1,1,2,RYZJ01000696_1411036,3225,2875,1179,1214,1158,94.26%,TRUE,,2,18,2,171
69,Mnov_gtseq_161,1,1,2,RYZJ01000696_2053022,5222,11156,3386,3544,3384,63.77%,TRUE,,2,69,2,236
70,Mnov_gtseq_162,1,1,2,RYZJ01000696_2282455,6075,3147,2773,2947,2789,68.25%,TRUE,,3,62,3,299
71,Mnov_gtseq_163,1,1,2,RYZJ01000696_4727880,1,0,0,0,0,0.00%,FALSE,,,,,
72,Mnov_gtseq_164,1,1,2,NA,NA,NA,NA,NA,NA,NA,FALSE,,,,,
73,Mnov_gtseq_165,1,1,2,NA,NA,NA,NA,NA,NA,NA,FALSE,,,,,
74,Mnov_gtseq_166,1,1,2,RYZJ01001042_1225428,3793,11217,3507,3655,3492,50.54%,TRUE,,,,,
75,Mnov_gtseq_167,1,1,2,RYZJ01002119_8634126,3010,2042,1868,1955,1874,80.84%,TRUE,,3,38,3,257
76,Mnov_gtseq_168,1,1,2,RYZJ01002119_16643021,51,75,29,29,25,80.95%,TRUE,,,,,
77,Mnov_gtseq_169,1,64,65,RYZJ01002119_16757938,1,0,0,0,0,0.00%,FALSE,,,,,
78,Mnov_gtseq_17,1,1,2,RYZJ01002356_785696,1724,9139,1586,1635,1575,31.74%,TRUE,,2,29,2,279
79,Mnov_gtseq_170,1,1,2,RYZJ01002119_17746560,83261,5713,4704,5016,4714,12.84%,TRUE,,2,80,2,311
80,Mnov_gtseq_171,1,1,2,RYZJ01002119_18536402,1948,634,241,242,232,49.11%,TRUE,,,,3,23
81,Mnov_gtseq_172,1,1,2,NA,NA,NA,NA,NA,NA,NA,FALSE,,,,,
82,Mnov_gtseq_173,1,1,2,RYZJ01002119_19385763,131,54,3,3,3,58.38%,TRUE,,,,,
83,Mnov_gtseq_174,1,1,2,RYZJ01002119_22526364,7547,5974,1714,1722,1655,88.37%,TRUE,,2,29,2,208
84,Mnov_gtseq_175,5,826,831,RYZJ01001295_1289959,1,0,0,0,0,0.00%,FALSE,,,,,
85,Mnov_gtseq_176,1,1,2,NA,NA,NA,NA,NA,NA,NA,FALSE,,,,,
86,Mnov_gtseq_177,1,1,2,RYZJ01000791_3013349,92,62,48,52,47,80.52%,TRUE,,,,,
87,Mnov_gtseq_178,1,1,2,RYZJ01000791_3713667,199,1792,160,172,160,19.99%,TRUE,,,,2,44
88,Mnov_gtseq_179,4,1,5,NA,NA,NA,NA,NA,NA,NA,FALSE,,,,,
89,Mnov_gtseq_18,1,1,2,RYZJ01002031_4399495,1,0,0,0,0,0.00%,FALSE,,,,,
90,Mnov_gtseq_180,1,1,2,RYZJ01002333_1308993,1429,1489,1317,1369,1267,97.94%,TRUE,,3,21,3,177
91,Mnov_gtseq_181,1,1,2,RYZJ01000300_1323612,115,217,86,88,85,69.28%,TRUE,,,,,
92,Mnov_gtseq_182,1,3,4,RYZJ01001407_1324706,2709,2735,2149,2246,2145,99.52%,TRUE,,2,44,2,151
93,Mnov_gtseq_183,92,3,95,RYZJ01002411_1338050,1,0,0,0,0,0.00%,FALSE,,,,,
94,Mnov_gtseq_184,1,1,2,RYZJ01002411_3208661,1,0,0,0,0,0.00%,FALSE,,,,,
95,Mnov_gtseq_185,1,1,2,NA,NA,NA,NA,NA,NA,NA,FALSE,,,,,
96,Mnov_gtseq_186,1,1,2,RYZJ01002411_8051041,81,72,36,37,33,94.12%,TRUE,,,,,
97,Mnov_gtseq_187,1,1,2,RYZJ01002411_10402886,211,303,166,174,166,82.10%,TRUE,,,,,
98,Mnov_gtseq_188,1,1,2,RYZJ01002411_14707789,310,400,259,259,250,87.32%,TRUE,,1,1,2,109
99,Mnov_gtseq_189,1,1,2,RYZJ01002263_1344494,16806,2546,2160,2265,2168,26.31%,TRUE,,2,44,2,193
100,Mnov_gtseq_19,1,1,2,RYZJ01002031_7205063,9684,4925,4244,4549,4262,67.42%,TRUE,,3,75,3,341
101,Mnov_gtseq_190,1,1,2,RYZJ01002263_4164257,4882,4263,3724,3865,3738,93.23%,TRUE,,2,72,2,312
102,Mnov_gtseq_191,1,1,2,RYZJ01000568_1358213,326,371,319,325,309,93.54%,TRUE,,,,,
103,Mnov_gtseq_192,1,1,2,RYZJ01000568_2270084,4684,1671,442,459,442,52.59%,TRUE,,1,3,2,113
104,Mnov_gtseq_193,1,1,2,RYZJ01000568_8126116,22658,5420,4988,5220,5027,38.61%,TRUE,,2,80,2,338
105,Mnov_gtseq_194,1,25775,25776,RYZJ01000568_10846702,1,0,0,0,0,0.00%,FALSE,,,,,
106,Mnov_gtseq_195,1,1,2,RYZJ01000568_12948566,6125,2714,2549,2763,2605,61.41%,TRUE,,2,52,2,325
107,Mnov_gtseq_196,1,1,2,RYZJ01001954_1367902,1982,1477,1315,1362,1308,85.40%,TRUE,,2,23,2,311
108,Mnov_gtseq_197,1,1,2,RYZJ01000028_1370150,5115,3954,2022,2142,2043,87.20%,TRUE,,3,70,3,318
109,Mnov_gtseq_198,1,1,2,NA,NA,NA,NA,NA,NA,NA,FALSE,,,,,
110,Mnov_gtseq_199,1,1,2,NA,NA,NA,NA,NA,NA,NA,FALSE,,,,,
111,Mnov_gtseq_2,1,1,2,RYZJ01001990_14608,2817,8979,2547,2690,2563,47.76%,TRUE,,3,52,3,310
112,Mnov_gtseq_20,1,1,2,RYZJ01002031_7396401,2913,4913,2746,2858,2739,74.44%,TRUE,,,,,
113,Mnov_gtseq_200,1,2,3,RYZJ01000028_3586276,3735,2683,2001,2212,1993,83.61%,TRUE,,2,46,2,222
114,Mnov_gtseq_201,1,1,2,RYZJ01000028_5172611,6632,7440,5501,5804,5422,94.26%,TRUE,,4,82,4,310
115,Mnov_gtseq_202,1,1,2,RYZJ01000028_8502236,4366,3546,3268,3443,3272,89.64%,TRUE,,2,69,2,268
117,Mnov_gtseq_204,1,1,2,RYZJ01001553_5343419,3724,3631,3073,3221,3044,98.74%,TRUE,,2,62,2,126
118,Mnov_gtseq_205,1,1,2,RYZJ01001553_6705039,6138,5924,1272,1329,1266,98.23%,TRUE,,4,82,6,326
119,Mnov_gtseq_206,1,1,2,RYZJ01000117_1421446,4653,4515,4094,4362,4122,98.49%,TRUE,,,,,
120,Mnov_gtseq_207,275,18865,19140,NA,NA,NA,NA,NA,NA,NA,FALSE,,,,,
121,Mnov_gtseq_208,1,1,2,RYZJ01001271_2059086,2891,7984,2631,2753,2639,53.17%,TRUE,,2,62,2,268
122,Mnov_gtseq_209,1,1,2,RYZJ01001159_1458768,4296,4674,3871,4115,3888,95.79%,TRUE,,3,77,4,301
123,Mnov_gtseq_21,1,1,2,RYZJ01002031_9141608,18588,6114,4395,4824,4408,49.50%,TRUE,,2,80,2,327
124,Mnov_gtseq_210,1,1,2,RYZJ01000725_1483317,5702,4966,4417,4577,4370,93.10%,TRUE,,2,79,2,83
125,Mnov_gtseq_211,1,1,2,RYZJ01000725_4556884,9593,5853,5414,5650,5473,75.79%,TRUE,,2,77,2,268
126,Mnov_gtseq_212,2727,212,2939,NA,NA,NA,NA,NA,NA,NA,FALSE,,,,,
127,Mnov_gtseq_213,1,1,2,RYZJ01000139_4844616,5003,5240,4549,4952,4555,97.69%,TRUE,,2,78,2,196
128,Mnov_gtseq_214,1,1,2,RYZJ01002177_1523317,4404,4251,3510,3674,3521,98.23%,TRUE,,2,68,2,196
129,Mnov_gtseq_215,1,1,2,RYZJ01001347_1593067,4557,6718,4333,4471,4279,80.83%,TRUE,,2,81,2,310
130,Mnov_gtseq_216,1,1,2,RYZJ01001347_2179904,6525,29958,5686,5905,5690,35.77%,TRUE,,3,82,4,255
131,Mnov_gtseq_217,1,1,2,RYZJ01001347_2897502,3920,1595,1416,1497,1441,57.84%,TRUE,,1,34,1,53
132,Mnov_gtseq_218,1,1,2,RYZJ01001347_7442650,14471,2478,2355,2552,2432,29.24%,TRUE,,2,55,2,309
134,Mnov_gtseq_22,1,1,2,RYZJ01001249_87879,1990,2274,1906,1931,1856,93.34%,TRUE,,4,34,5,284
135,Mnov_gtseq_220,2,1,3,RYZJ01000218_1607073,5391,2365,2049,2138,2059,60.99%,TRUE,,3,45,3,250
136,Mnov_gtseq_221,1,1,2,NA,NA,NA,NA,NA,NA,NA,FALSE,,,,,
137,Mnov_gtseq_222,1,1,2,RYZJ01000218_6212989,5218,5316,3484,3574,3423,99.07%,TRUE,,4,68,4,143
138,Mnov_gtseq_223,1,1,2,RYZJ01000218_14809002,2933,3294,2612,2766,2582,94.20%,TRUE,,2,63,2,187
139,Mnov_gtseq_224,2,1,3,RYZJ01000218_16829198,3993,4387,2869,3067,2863,95.30%,TRUE,,3,74,3,261
140,Mnov_gtseq_225,1,1,2,RYZJ01000218_17139080,6711,17244,4480,4635,4402,56.03%,TRUE,,2,75,2,329
141,Mnov_gtseq_226,1,1,2,RYZJ01000218_17767854,1,0,0,0,0,0.00%,FALSE,,,,,
142,Mnov_gtseq_227,1,1,2,RYZJ01000218_19774540,10986,4608,3692,3935,3686,59.10%,TRUE,,2,69,2,284
143,Mnov_gtseq_228,1,1,2,RYZJ01001411_1641030,5243,2086,1424,1457,1416,56.92%,TRUE,,1,30,1,55
144,Mnov_gtseq_229,6,3,9,RYZJ01000640_3373418,2713,5375,2168,2213,2129,67.09%,TRUE,,2,47,5,220
146,Mnov_gtseq_230,1,1,2,RYZJ01002535_1697903,2291,1624,1451,1509,1422,82.96%,TRUE,,2,26,2,145
147,Mnov_gtseq_231,1,1,2,RYZJ01002032_1719227,85315,5490,2912,2970,2871,12.09%,TRUE,,,,,
148,Mnov_gtseq_232,1,2,3,RYZJ01002032_7172828,7302,12720,5406,5776,5487,72.94%,TRUE,,2,82,2,317
149,Mnov_gtseq_233,395,33,428,NA,NA,NA,NA,NA,NA,NA,FALSE,,,,,
150,Mnov_gtseq_234,1,1,2,RYZJ01000104_5737020,3573,5491,2752,2814,2710,78.84%,TRUE,,2,57,2,140
151,Mnov_gtseq_235,1,1,2,RYZJ01000104_10362726,2246,2242,1919,2016,1888,99.91%,TRUE,,2,41,3,274
152,Mnov_gtseq_236,3,2,5,NA,NA,NA,NA,NA,NA,NA,FALSE,,,,,
153,Mnov_gtseq_237,1,1,2,RYZJ01001793_1955602,10081,13087,2297,2406,2283,87.03%,TRUE,,5,44,5,306
154,Mnov_gtseq_238,1,2,3,RYZJ01001793_2121380,5383,3784,3470,3775,3583,82.56%,TRUE,,2,72,2,302
155,Mnov_gtseq_239,1,1,2,RYZJ01001793_9462822,30628,5756,3467,3610,3460,31.64%,TRUE,,2,76,2,226
156,Mnov_gtseq_24,1454,1,1455,RYZJ01001909_109837,1,0,0,0,0,0.00%,FALSE,,,,,
157,Mnov_gtseq_240,1,1,2,RYZJ01001793_14441768,2469,13919,2307,2390,2305,30.13%,TRUE,,2,47,2,278
158,Mnov_gtseq_241,1,1,2,RYZJ01001793_23857662,8448,7993,6942,7407,7003,97.23%,TRUE,,2,86,2,343
159,Mnov_gtseq_243,1,1,2,RYZJ01002231_1842233,5837,16569,5002,5414,5025,52.10%,TRUE,,2,79,2,311
160,Mnov_gtseq_244,1,1,2,RYZJ01002231_12746478,6802,4024,3740,3858,3704,74.34%,TRUE,,2,73,2,289
161,Mnov_gtseq_245,1,1,2,RYZJ01002474_1862143,4829,1745,1333,1359,1291,53.09%,TRUE,,2,22,2,9
162,Mnov_gtseq_246,1,1,2,RYZJ01002474_2244711,7608,6005,3746,3894,3710,88.22%,TRUE,,2,73,2,301
163,Mnov_gtseq_247,1,1,2,RYZJ01001968_1919282,3451,2487,1941,2071,1965,83.77%,TRUE,,2,44,2,131
164,Mnov_gtseq_248,1,1,2,RYZJ01001395_1931075,2859,2787,2617,2777,2610,98.72%,TRUE,,2,62,2,316
165,Mnov_gtseq_249,927,194,1121,NA,NA,NA,NA,NA,NA,NA,FALSE,,,,,
166,Mnov_gtseq_25,1,1,2,RYZJ01001909_1962838,2155,2250,2009,2116,1996,97.84%,TRUE,,2,39,3,295
167,Mnov_gtseq_250,1,1,2,RYZJ01001645_5254928,3145,5700,2621,2863,2638,71.11%,TRUE,,3,61,2,151
168,Mnov_gtseq_251,1,1,2,RYZJ01001645_5545526,1,2,0,0,0,66.67%,TRUE,,,,,
169,Mnov_gtseq_252,1,1,2,RYZJ01001645_5699072,1,0,0,0,0,0.00%,FALSE,,,,,
170,Mnov_gtseq_253,1,1,2,RYZJ01001645_8856500,713,2157,615,634,604,49.69%,TRUE,,2,9,2,70
171,Mnov_gtseq_254,1,1,2,RYZJ01001645_10953500,2695,6792,2229,2362,2236,56.81%,TRUE,,2,48,2,314
172,Mnov_gtseq_255,1,1,2,RYZJ01001645_12807870,7048,9708,6445,6731,6466,84.13%,TRUE,,3,83,3,294
173,Mnov_gtseq_256,1,1,2,RYZJ01000128_2065649,19671,7595,3179,3409,3211,55.71%,TRUE,,1,71,1,264
174,Mnov_gtseq_257,1,1,2,RYZJ01000128_8261015,3521,3584,2967,3153,2991,99.11%,TRUE,,2,67,2,296
175,Mnov_gtseq_258,1,1,2,RYZJ01000128_15685093,2836,2951,2593,2708,2571,98.01%,TRUE,,2,55,2,291
176,Mnov_gtseq_259,1,1,2,RYZJ01000225_2074207,1,0,0,0,0,0.00%,FALSE,,,,,
177,Mnov_gtseq_26,1,1,2,RYZJ01001909_2971080,8596,11229,6582,7478,6935,86.72%,TRUE,,2,85,2,351
178,Mnov_gtseq_260,1,1,2,RYZJ01001135_2102737,1913,7511,1348,1389,1339,40.60%,TRUE,,2,22,2,303
179,Mnov_gtseq_261,1,1,2,RYZJ01001135_15902821,14293,1395,1269,1285,1255,17.78%,TRUE,,3,23,7,192
180,Mnov_gtseq_262,1,1,2,RYZJ01001698_2122148,21059,1056,884,909,874,9.55%,TRUE,,3,14,3,166
181,Mnov_gtseq_263,1,2,3,RYZJ01001050_2149247,3199,23030,2247,2342,2244,24.39%,TRUE,,2,48,2,268
182,Mnov_gtseq_264,1,1,2,RYZJ01000422_2184072,2230,2427,2104,2197,2099,95.77%,TRUE,,1,46,1,190
183,Mnov_gtseq_265,1,1,2,RYZJ01000973_2221727,3536,29411,3245,3316,3194,21.46%,TRUE,,2,71,2,312
184,Mnov_gtseq_266,1,1,2,NA,NA,NA,NA,NA,NA,NA,FALSE,,,,,
185,Mnov_gtseq_267,232,1,233,NA,NA,NA,NA,NA,NA,NA,FALSE,,,,,
186,Mnov_gtseq_268,1,1,2,RYZJ01002142_2332657,11328,11454,7398,7865,7416,99.45%,TRUE,,2,84,2,338
187,Mnov_gtseq_269,1,1,2,RYZJ01002142_6553088,16620,2390,1082,1163,1090,25.14%,TRUE,,2,16,2,217
189,Mnov_gtseq_270,1,1,2,RYZJ01002142_6877235,1441,3165,1248,1264,1222,62.57%,TRUE,,2,22,3,143
190,Mnov_gtseq_271,1,1,2,RYZJ01002142_8098067,2104,3840,1797,1863,1782,70.79%,TRUE,,3,35,3,254
191,Mnov_gtseq_272,3,2,5,NA,NA,NA,NA,NA,NA,NA,FALSE,,,,,
192,Mnov_gtseq_273,1,1,2,RYZJ01002305_2476099,1483,2180,1350,1378,1310,80.97%,TRUE,,2,23,2,191
193,Mnov_gtseq_274,1,1,2,RYZJ01002305_6115484,30666,2896,2673,2750,2663,17.26%,TRUE,,2,55,2,265
194,Mnov_gtseq_275,1,1,2,RYZJ01000174_2505954,2114,1901,1750,1843,1753,94.69%,TRUE,,2,37,2,105
196,Mnov_gtseq_277,1,1,2,RYZJ01000691_2538585,4400,29540,4157,4294,4126,25.93%,TRUE,,2,73,2,346
197,Mnov_gtseq_278,1,1,2,RYZJ01001531_2576355,1363,2868,844,877,836,64.43%,TRUE,,1,13,1,285
198,Mnov_gtseq_279,634,356,990,NA,NA,NA,NA,NA,NA,NA,FALSE,,,,,
199,Mnov_gtseq_28,1,1,2,RYZJ01002201_438850,5422,60181,4364,4617,4251,16.53%,TRUE,,2,75,2,331
200,Mnov_gtseq_280,1,1,2,NA,NA,NA,NA,NA,NA,NA,FALSE,,,,,
201,Mnov_gtseq_281,1,1,2,RYZJ01001453_3282834,5966,2038,1854,1921,1842,50.92%,TRUE,,4,38,4,253
202,Mnov_gtseq_282,1,1,2,NA,NA,NA,NA,NA,NA,NA,FALSE,,,,,
203,Mnov_gtseq_283,1,8,9,RYZJ01001721_2791778,2419,329,238,262,239,23.94%,TRUE,,,,,
204,Mnov_gtseq_284,1,1,2,RYZJ01001073_2834966,5131,4640,4265,4511,4254,94.97%,TRUE,,2,80,2,337
205,Mnov_gtseq_285,1,1,2,RYZJ01001799_2865905,2293,2245,2045,2188,2049,98.94%,TRUE,,3,38,3,320
206,Mnov_gtseq_286,1,1,2,RYZJ01001565_2875370,1,0,0,0,0,0.00%,FALSE,,,,,
207,Mnov_gtseq_287,1,1,2,RYZJ01001328_2883738,3667,3871,3335,3601,3381,97.29%,TRUE,,2,74,2,328
208,Mnov_gtseq_288,1,1,2,RYZJ01002220_2953745,22619,3050,2776,2974,2796,23.76%,TRUE,,3,53,3,180
209,Mnov_gtseq_289,2,1,3,RYZJ01001929_2996365,4997,3609,3072,3283,3053,83.87%,TRUE,,4,62,5,295
211,Mnov_gtseq_291,1,1,2,RYZJ01001779_3004816,1691,2181,1055,1072,1030,87.35%,TRUE,,3,30,3,271
213,Mnov_gtseq_293,701,24,725,NA,NA,NA,NA,NA,NA,NA,FALSE,,,,,
214,Mnov_gtseq_294,1,1,2,NA,NA,NA,NA,NA,NA,NA,FALSE,,,,,
215,Mnov_gtseq_295,1324,1702,3026,NA,NA,NA,NA,NA,NA,NA,FALSE,,,,,
216,Mnov_gtseq_296,1,625,626,RYZJ01000383_4499270,3548,113568,3099,3177,3075,6.06%,FALSE,,,,,
217,Mnov_gtseq_297,1,1,2,RYZJ01001225_3196728,5937,5973,4035,4107,3935,99.70%,TRUE,,2,76,2,319
218,Mnov_gtseq_298,1,1,2,RYZJ01001153_3223653,420,524,260,252,239,88.98%,TRUE,,2,2,2,43
219,Mnov_gtseq_299,1,1,2,RYZJ01002367_3238845,1048,1034,825,883,840,99.33%,TRUE,,2,16,2,232
220,Mnov_gtseq_3,1,1,2,RYZJ01001990_5950766,593,7519,512,396,382,14.62%,TRUE,,,,,
221,Mnov_gtseq_30,1,1,2,RYZJ01000501_169033,974,3055,702,741,703,48.35%,TRUE,,3,11,4,231
222,Mnov_gtseq_300,1,1,2,RYZJ01002156_3272007,9916,8208,3582,3847,3584,90.58%,TRUE,,2,65,2,314
223,Mnov_gtseq_301,1,1,2,RYZJ01002156_6932032,1772,944,676,710,674,69.51%,TRUE,,3,15,3,158
225,Mnov_gtseq_303,1,1,2,NA,NA,NA,NA,NA,NA,NA,FALSE,,,,,
226,Mnov_gtseq_304,1,9,10,RYZJ01001781_3306873,2441,6540,1391,1299,1126,54.36%,TRUE,,1,22,2,94
227,Mnov_gtseq_305,1,1,2,RYZJ01001781_7365885,1622,2156,1490,1578,1476,85.87%,TRUE,,2,26,2,186
228,Mnov_gtseq_306,1,2,3,NA,NA,NA,NA,NA,NA,NA,FALSE,,,,,
229,Mnov_gtseq_307,1,1,2,RYZJ01001781_15039429,964,1177,801,875,812,90.05%,TRUE,,2,14,2,220
230,Mnov_gtseq_308,1,1,2,RYZJ01001781_16601062,3151,21759,2785,2936,2792,25.30%,TRUE,,2,63,2,303
231,Mnov_gtseq_309,1,1,2,RYZJ01001781_17056092,1870,20714,1012,1074,1025,16.56%,TRUE,,2,19,3,231
232,Mnov_gtseq_31,280,9204,9484,NA,NA,NA,NA,NA,NA,NA,FALSE,,,,,
233,Mnov_gtseq_310,1,1,2,RYZJ01001781_18874223,1207,3326,633,666,641,53.25%,TRUE,,2,11,2,158
234,Mnov_gtseq_311,1,1,2,RYZJ01001781_23924046,2614,2784,1812,1913,1825,96.85%,TRUE,,2,35,3,243
235,Mnov_gtseq_312,1,2,3,RYZJ01001010_3399487,4779,3525,2830,3002,2836,84.90%,TRUE,,2,58,2,268
236,Mnov_gtseq_313,1,1,2,RYZJ01000903_3410807,2671,2373,2072,2238,2106,94.09%,TRUE,,2,40,2,290
237,Mnov_gtseq_314,1,1,2,RYZJ01000903_3695160,4940,6578,4381,4618,4412,85.78%,TRUE,,2,76,2,291
238,Mnov_gtseq_315,1,1,2,RYZJ01001576_3411559,13436,1957,1119,1133,1081,25.43%,TRUE,,2,15,2,260
240,Mnov_gtseq_317,1,1,2,RYZJ01002001_3439979,149,223,99,89,81,80.11%,TRUE,,,,,
241,Mnov_gtseq_318,1,1,2,RYZJ01000087_3448416,24363,1381,1219,1288,1230,10.73%,TRUE,,2,23,2,55
242,Mnov_gtseq_319,1,548,549,RYZJ01002534_3468612,1,0,0,0,0,0.00%,FALSE,,,,,
243,Mnov_gtseq_32,1,2,3,NA,NA,NA,NA,NA,NA,NA,FALSE,,,,,
244,Mnov_gtseq_320,1,1,2,RYZJ01000995_3508279,4391,4197,1919,2040,1937,97.74%,TRUE,,2,38,3,164
245,Mnov_gtseq_321,1,1,2,RYZJ01000995_8400964,3735,3594,3063,3295,3089,98.08%,TRUE,,2,73,2,333
246,Mnov_gtseq_322,1,1,2,RYZJ01000995_8939653,2691,2762,2176,2301,2178,98.70%,TRUE,,2,52,3,259
247,Mnov_gtseq_323,1,1,2,RYZJ01000995_12414115,2999,4063,2753,2906,2770,84.93%,TRUE,,3,60,3,305
248,Mnov_gtseq_324,1,1,2,RYZJ01001305_3576548,396,271,90,79,77,81.26%,TRUE,,,,,
249,Mnov_gtseq_325,1,1,2,NA,NA,NA,NA,NA,NA,NA,FALSE,,,,,
250,Mnov_gtseq_326,1,1,2,RYZJ01000550_4147383,1926,1489,1424,1461,1423,87.20%,TRUE,,2,29,2,228
251,Mnov_gtseq_327,1,1,2,RYZJ01000550_5947102,2046,1484,1393,1436,1404,84.08%,TRUE,,2,24,2,233
252,Mnov_gtseq_328,1,1,2,RYZJ01001939_3856698,3165,3327,2535,2665,2522,97.50%,TRUE,,2,52,2,316
253,Mnov_gtseq_329,9,25,34,NA,NA,NA,NA,NA,NA,NA,FALSE,,,,,
254,Mnov_gtseq_33,1,1,2,RYZJ01000820_2297279,6478,7137,5832,6219,5885,95.16%,TRUE,,3,82,3,318
255,Mnov_gtseq_330,122,17,139,NA,NA,NA,NA,NA,NA,NA,FALSE,,,,,
256,Mnov_gtseq_331,1,1,2,NA,NA,NA,NA,NA,NA,NA,FALSE,,,,,
257,Mnov_gtseq_332,1,1,2,RYZJ01001172_4052140,4256,5074,1679,1722,1682,91.23%,TRUE,,2,34,2,156
258,Mnov_gtseq_333,1,1,2,RYZJ01001172_10530627,313,850,281,283,271,53.83%,TRUE,,2,3,2,113
259,Mnov_gtseq_334,1,1,2,RYZJ01000185_4084284,5690,2918,1901,2130,1943,67.80%,TRUE,,2,38,2,307
260,Mnov_gtseq_335,1,1,2,RYZJ01000185_5530426,3011,25541,2829,2921,2804,21.09%,TRUE,,2,51,2,322
261,Mnov_gtseq_336,1,2686,2687,NA,NA,NA,NA,NA,NA,NA,FALSE,,,,,
262,Mnov_gtseq_337,1,1,2,RYZJ01001573_4113109,3489,857,531,540,524,39.44%,TRUE,,3,11,5,93
263,Mnov_gtseq_338,1,1,2,RYZJ01001573_8024098,1804,1813,1612,1707,1608,99.75%,TRUE,,2,36,2,252
264,Mnov_gtseq_339,1,1,2,RYZJ01001732_4271615,3951,2035,1902,2022,1935,67.99%,TRUE,,2,33,2,284
265,Mnov_gtseq_34,1,1,2,NA,NA,NA,NA,NA,NA,NA,FALSE,,,,,
266,Mnov_gtseq_340,1,2,3,RYZJ01001286_4308089,1821,1764,1592,1654,1585,98.41%,TRUE,,2,32,2,247
267,Mnov_gtseq_341,1,1,2,RYZJ01001286_4583373,8453,3116,2657,2763,2616,53.87%,TRUE,,2,57,2,337
268,Mnov_gtseq_342,1,1,2,RYZJ01000825_4320723,5372,1947,939,974,936,53.20%,TRUE,,2,17,2,29
269,Mnov_gtseq_343,1,1,2,RYZJ01000825_9120132,75901,1574,467,484,467,4.06%,FALSE,,,,,
270,Mnov_gtseq_344,1,1,2,RYZJ01001554_4489695,3704,3687,3190,3288,3183,99.77%,TRUE,,2,53,2,291
271,Mnov_gtseq_345,1,1,2,RYZJ01001554_4699554,18217,2624,2418,2566,2430,25.18%,TRUE,,2,48,2,285
272,Mnov_gtseq_346,1,1,2,RYZJ01001554_7319380,982,905,845,874,845,95.92%,TRUE,,,,,
273,Mnov_gtseq_347,1,1,2,RYZJ01000454_4531431,13060,3916,1775,1902,1750,46.14%,TRUE,,2,35,2,251
274,Mnov_gtseq_348,1,1,2,RYZJ01001970_4857533,658,617,551,577,550,96.78%,TRUE,,1,10,1,158
275,Mnov_gtseq_349,1,1,2,NA,NA,NA,NA,NA,NA,NA,FALSE,,,,,
276,Mnov_gtseq_35,1,23296,23297,NA,NA,NA,NA,NA,NA,NA,FALSE,,,,,
277,Mnov_gtseq_350,1,1,2,RYZJ01001342_9062776,334,1223,285,296,283,42.90%,TRUE,,1,2,2,55
278,Mnov_gtseq_351,1,1,2,NA,NA,NA,NA,NA,NA,NA,FALSE,,,,,
279,Mnov_gtseq_352,1,5,6,RYZJ01001342_16508078,2444,968,877,979,921,56.74%,TRUE,,2,18,2,183
280,Mnov_gtseq_353,1,1,2,RYZJ01001342_18893702,1314,1322,1206,1251,1201,99.70%,TRUE,,2,17,2,250
281,Mnov_gtseq_354,1,1,2,RYZJ01000148_6147772,530,820,475,498,471,78.52%,TRUE,,3,7,3,124
282,Mnov_gtseq_355,1,1,2,RYZJ01000280_5110668,277,4632,237,246,233,11.29%,TRUE,,2,2,4,36
283,Mnov_gtseq_356,1,1,2,RYZJ01000280_25122123,5678,2573,2093,2197,2077,62.37%,TRUE,,2,44,2,246
284,Mnov_gtseq_357,1,1,2,RYZJ01002472_6498974,2442,8555,1569,1645,1549,44.41%,TRUE,,2,32,2,161
285,Mnov_gtseq_358,1,1,2,RYZJ01001855_5129941,2478,2455,2262,2361,2256,99.53%,TRUE,,1,45,1,10
286,Mnov_gtseq_359,1,1,2,RYZJ01000143_5197803,364,456,325,333,325,88.78%,TRUE,,1,2,2,86
287,Mnov_gtseq_36,1,2,3,RYZJ01001327_193463,1,0,0,0,0,0.00%,FALSE,,,,,
288,Mnov_gtseq_360,1,1,2,RYZJ01001248_5306920,404,1362,355,357,347,45.75%,TRUE,,1,2,2,155
289,Mnov_gtseq_361,1,1,2,RYZJ01001714_5321496,3546,1530,1032,1073,1024,60.28%,TRUE,,4,18,5,104
290,Mnov_gtseq_362,1,1,2,NA,NA,NA,NA,NA,NA,NA,FALSE,,,,,
291,Mnov_gtseq_363,1,1,2,RYZJ01001714_10724895,2715,2647,2439,2596,2481,98.73%,TRUE,,2,47,2,294
292,Mnov_gtseq_364,1,1,2,RYZJ01002323_5442013,4164,243,172,179,167,11.03%,TRUE,,,,2,51
293,Mnov_gtseq_365,1,1,2,NA,NA,NA,NA,NA,NA,NA,FALSE,,,,,
294,Mnov_gtseq_366,1,1,2,RYZJ01000543_5459791,1131,864,727,742,709,86.62%,TRUE,,3,11,3,169
295,Mnov_gtseq_367,1,556,557,NA,NA,NA,NA,NA,NA,NA,FALSE,,,,,
296,Mnov_gtseq_368,1,1,2,RYZJ01000543_9718330,365,260,246,250,245,83.20%,TRUE,,1,1,2,102
297,Mnov_gtseq_369,1,1,2,RYZJ01002360_7114183,1,0,0,0,0,0.00%,FALSE,,,,,
298,Mnov_gtseq_37,1,1,2,RYZJ01001369_211497,4199,5144,3198,3329,3171,89.89%,TRUE,,4,59,4,286
299,Mnov_gtseq_370,1,1,2,RYZJ01000263_5669814,1146,721,651,672,655,77.24%,TRUE,,2,14,2,218
300,Mnov_gtseq_371,1,1,2,RYZJ01000263_9399222,1001,877,747,789,748,93.40%,TRUE,,2,11,3,136
301,Mnov_gtseq_372,1,1,2,RYZJ01001273_6374417,1244,1135,808,838,802,95.42%,TRUE,,2,13,2,180
302,Mnov_gtseq_373,1,1,2,RYZJ01001140_6452708,1069,1156,965,995,946,96.09%,TRUE,,2,16,2,198
303,Mnov_gtseq_374,1,1,2,RYZJ01002385_6660241,103,69,64,68,66,80.23%,TRUE,,,,,
304,Mnov_gtseq_375,1,1,2,NA,NA,NA,NA,NA,NA,NA,FALSE,,,,,
305,Mnov_gtseq_376,1,1,2,RYZJ01001235_15716313,1666,1697,1381,1444,1389,99.08%,TRUE,,,,,
306,Mnov_gtseq_377,1,1,2,RYZJ01001235_18289074,1807,16345,1608,1713,1608,19.91%,TRUE,,2,26,2,190
307,Mnov_gtseq_378,1,1,2,RYZJ01001235_19877899,1463,2356,1279,1332,1271,76.62%,TRUE,,3,20,4,235
308,Mnov_gtseq_379,1,1,2,RYZJ01001235_20517063,1402,1415,1129,1174,1129,99.54%,TRUE,,2,21,2,245
309,Mnov_gtseq_38,1,1,2,RYZJ01001369_7030478,3811,3815,3354,3621,3334,99.95%,TRUE,,2,62,2,310
310,Mnov_gtseq_380,1,1,2,RYZJ01000621_7602572,7378,6625,5566,5825,5537,94.62%,TRUE,,2,80,2,241
312,Mnov_gtseq_382,3,1019,1022,NA,NA,NA,NA,NA,NA,NA,FALSE,,,,,
313,Mnov_gtseq_383,1,1,2,RYZJ01001068_11281035,1296,558,503,551,524,60.19%,TRUE,,2,7,2,184
314,Mnov_gtseq_384,1,1,2,RYZJ01002420_8950442,4050,203,45,49,42,9.55%,TRUE,,,,,
315,Mnov_gtseq_385,1,1,2,NA,NA,NA,NA,NA,NA,NA,FALSE,,,,,
316,Mnov_gtseq_386,1,1,2,RYZJ01001352_11631706,526,439,407,449,420,90.98%,TRUE,,2,5,2,98
317,Mnov_gtseq_387,1,1,2,NA,NA,NA,NA,NA,NA,NA,FALSE,,,,,
318,Mnov_gtseq_388,1,1,2,RYZJ01002111_17253692,346,235,108,52,49,80.90%,TRUE,,,,,
319,Mnov_gtseq_389,1,1,2,RYZJ01000770_12478412,1,0,0,0,0,0.00%,FALSE,,,,,
320,Mnov_gtseq_39,1,1,2,RYZJ01001369_8636860,4323,4751,3875,4214,3918,95.28%,TRUE,,2,73,2,329
321,Mnov_gtseq_390,1,1,2,RYZJ01000659_2532,36636,1294,390,404,379,6.82%,TRUE,,2,4,3,150
322,Mnov_gtseq_391,1,1,2,RYZJ01002554_1687741,120,91,40,38,36,86.26%,TRUE,,,,,
323,Mnov_gtseq_392,1,1,2,RYZJ01002554_6546964,1,0,0,0,0,0.00%,FALSE,,,,,
324,Mnov_gtseq_393,1,1,2,NA,NA,NA,NA,NA,NA,NA,FALSE,,,,,
325,Mnov_gtseq_394,1,1,2,RYZJ01000902_6239370,233,791,189,200,188,45.51%,TRUE,,1,1,2,87
327,Mnov_gtseq_396,1,1,2,RYZJ01000831_151875,1,0,0,0,0,0.00%,FALSE,,,,,
328,Mnov_gtseq_397,1,1,2,RYZJ01000855_163058,755,666,232,240,227,93.74%,TRUE,,1,1,2,118
329,Mnov_gtseq_398,1,1,2,RYZJ01000501_506125,1916,1468,1290,1291,1227,86.76%,TRUE,,2,23,2,252
330,Mnov_gtseq_399,1,1,2,RYZJ01000820_3364699,1469,1852,830,860,824,88.47%,TRUE,,2,14,3,253
331,Mnov_gtseq_4,1,1,2,RYZJ01001990_6533281,8810,1990,1778,1809,1769,36.85%,TRUE,,1,34,1,251
332,Mnov_gtseq_40,1,1,2,RYZJ01001369_8947557,4468,1992,1827,2042,1822,61.67%,TRUE,,2,40,2,294
333,Mnov_gtseq_400,1,1,2,RYZJ01001441_176685,486,416,391,426,403,92.24%,TRUE,,2,4,2,82
334,Mnov_gtseq_401,1,1,2,RYZJ01001369_13067888,3125,3547,2747,3009,2814,93.68%,TRUE,,3,53,3,249
335,Mnov_gtseq_402,1,1,2,RYZJ01001568_5038981,1626,6209,1466,1507,1452,41.51%,TRUE,,2,28,2,226
336,Mnov_gtseq_403,62,1,63,NA,NA,NA,NA,NA,NA,NA,FALSE,,,,,
337,Mnov_gtseq_404,1,1,2,RYZJ01000817_485750,80,259,36,37,35,47.20%,TRUE,,,,,
338,Mnov_gtseq_405,1,1,2,RYZJ01001551_4221711,359,579,244,257,246,76.55%,TRUE,,,,3,100
339,Mnov_gtseq_406,1,1,2,RYZJ01001551_9223669,1804,1750,1562,1719,1612,98.48%,TRUE,,2,36,3,230
340,Mnov_gtseq_407,1,1,2,RYZJ01001527_523927,5634,489,422,441,419,15.97%,TRUE,,3,5,3,102
341,Mnov_gtseq_408,1,1,2,RYZJ01001527_1065677,845,664,449,477,452,88.01%,TRUE,,,,,
342,Mnov_gtseq_409,1,1,2,RYZJ01001975_2718320,665,33502,597,634,600,3.89%,FALSE,,,,,
343,Mnov_gtseq_41,1,4,5,RYZJ01001369_10688000,5489,6467,4625,5107,4618,91.82%,TRUE,,3,76,3,266
344,Mnov_gtseq_410,1,1,2,RYZJ01000535_1838428,653,686,620,635,613,97.54%,TRUE,,2,10,3,129
345,Mnov_gtseq_411,1,1,2,NA,NA,NA,NA,NA,NA,NA,FALSE,,,,,
346,Mnov_gtseq_412,1,1,2,RYZJ01000535_6038798,1,0,0,0,0,0.00%,FALSE,,,,,
347,Mnov_gtseq_413,1,1,2,RYZJ01000535_8917236,8719,4103,1526,1597,1526,64.00%,TRUE,,2,27,3,253
348,Mnov_gtseq_414,1,1,2,RYZJ01000547_881629,1030,6732,867,899,864,26.54%,TRUE,,,,,
349,Mnov_gtseq_415,1,1,2,RYZJ01000022_592638,5554,1915,1704,1782,1690,51.28%,TRUE,,2,34,2,235
350,Mnov_gtseq_416,2,2,4,RYZJ01000818_616965,13766,4384,4010,4454,4132,48.31%,TRUE,,2,64,2,331
351,Mnov_gtseq_417,1,1,2,RYZJ01000306_627657,354,4610,340,329,320,14.26%,TRUE,,1,1,3,36
352,Mnov_gtseq_418,1,1,2,RYZJ01000306_952759,1,0,0,0,0,0.00%,FALSE,,,,,
353,Mnov_gtseq_419,1,1,2,RYZJ01002428_633762,613,342,316,334,314,71.62%,TRUE,,1,2,1,84
354,Mnov_gtseq_42,1,1,2,RYZJ01001369_11833583,5333,4920,4340,4624,4344,95.97%,TRUE,,2,80,2,319
355,Mnov_gtseq_420,1,1,2,RYZJ01000004_6813113,28,73,26,20,20,55.45%,TRUE,,,,,
356,Mnov_gtseq_421,1,1,2,RYZJ01002269_2396711,330,4528,240,190,181,13.59%,TRUE,,2,1,4,59
358,Mnov_gtseq_423,2,12,14,NA,NA,NA,NA,NA,NA,NA,FALSE,,,,,
359,Mnov_gtseq_424,1,1,2,RYZJ01002393_1477920,2262,2139,1959,2158,1986,97.21%,TRUE,,2,39,3,293
360,Mnov_gtseq_425,1,1,2,NA,NA,NA,NA,NA,NA,NA,FALSE,,,,,
361,Mnov_gtseq_426,1,1,2,RYZJ01002393_2238677,3472,3790,3112,3414,3188,95.62%,TRUE,,2,72,2,305
362,Mnov_gtseq_427,1,1,2,RYZJ01000030_2768079,863,59456,191,181,178,2.86%,FALSE,,,,,
363,Mnov_gtseq_428,1,1,2,NA,NA,NA,NA,NA,NA,NA,FALSE,,,,,
364,Mnov_gtseq_429,1,1,2,RYZJ01000030_10371854,752,42599,698,713,681,3.47%,FALSE,,,,,
365,Mnov_gtseq_43,1,1,2,RYZJ01001369_15549773,9953,5007,4452,4764,4490,66.94%,TRUE,,2,79,2,334
366,Mnov_gtseq_430,57,5356,5413,RYZJ01000030_15468281,1,0,0,0,0,0.00%,FALSE,,,,,
367,Mnov_gtseq_431,1,1,2,RYZJ01001723_2564262,962,625,576,614,575,78.76%,TRUE,,4,4,6,174
368,Mnov_gtseq_432,1,1,2,RYZJ01001307_1101069,1,0,0,0,0,0.00%,FALSE,,,,,
369,Mnov_gtseq_433,1,1,2,NA,NA,NA,NA,NA,NA,NA,FALSE,,,,,
370,Mnov_gtseq_434,1,1,2,RYZJ01000575_11166137,12497,5721,5052,5201,5023,62.81%,TRUE,,2,80,2,313
371,Mnov_gtseq_435,1,1,2,RYZJ01000696_9095193,1,0,0,0,0,0.00%,FALSE,,,,,
372,Mnov_gtseq_436,1,1,2,RYZJ01002119_1270782,1,0,0,0,0,0.00%,FALSE,,,,,
373,Mnov_gtseq_437,1,1,2,RYZJ01002119_15399507,964,1560,851,900,846,76.39%,TRUE,,2,14,3,134
374,Mnov_gtseq_438,1,1,2,RYZJ01002291_1309241,494,364,317,316,307,84.85%,TRUE,,1,2,2,77
375,Mnov_gtseq_439,1,1,2,NA,NA,NA,NA,NA,NA,NA,FALSE,,,,,
376,Mnov_gtseq_44,1,1,2,RYZJ01001369_16328537,5335,1228,1045,1092,1041,37.42%,TRUE,,2,16,2,137
377,Mnov_gtseq_440,1,1,2,RYZJ01002277_1364958,1693,2411,1322,1381,1317,82.50%,TRUE,,3,23,5,207
378,Mnov_gtseq_441,1,1,2,RYZJ01000028_5539179,1237,1292,1078,1138,1063,97.83%,TRUE,,2,24,3,187
379,Mnov_gtseq_442,1,1,2,RYZJ01001628_1433047,6687,518,366,393,366,14.38%,TRUE,,1,3,2,35
380,Mnov_gtseq_443,1,1,2,RYZJ01001271_3789426,932288,1957,1759,1876,1721,0.42%,FALSE,,,,,
381,Mnov_gtseq_444,1,1,2,RYZJ01000218_15355259,727,1360,413,449,417,69.67%,TRUE,,2,4,3,135
382,Mnov_gtseq_445,1,1,2,RYZJ01001411_4605116,509,796,336,379,344,78.01%,TRUE,,2,5,2,65
383,Mnov_gtseq_446,1,1,2,RYZJ01000723_1672728,3814,857,781,827,780,36.69%,TRUE,,1,13,2,223
384,Mnov_gtseq_447,3,1,4,RYZJ01000640_1679025,1831,1174,1109,1157,1110,78.14%,TRUE,,2,20,2,249
385,Mnov_gtseq_448,1,1,2,RYZJ01002231_14142946,4839,2666,1953,2164,1983,71.05%,TRUE,,2,41,2,189
386,Mnov_gtseq_449,1,202,203,NA,NA,NA,NA,NA,NA,NA,FALSE,,,,,
387,Mnov_gtseq_45,1,1,2,RYZJ01001369_16479411,2235,2066,1825,1930,1826,96.07%,TRUE,,2,40,2,285
388,Mnov_gtseq_450,1,1,2,NA,NA,NA,NA,NA,NA,NA,FALSE,,,,,
389,Mnov_gtseq_451,1,1,2,RYZJ01000174_5155634,3157,5018,2755,3069,2782,77.24%,TRUE,,3,61,4,309
390,Mnov_gtseq_452,1,1,2,RYZJ01001453_2578212,2066,2101,1831,1908,1843,99.16%,TRUE,,3,38,3,200
391,Mnov_gtseq_453,1,5953,5954,NA,NA,NA,NA,NA,NA,NA,FALSE,,,,,
392,Mnov_gtseq_454,1,1,2,RYZJ01001153_3678634,1406,1086,974,1035,982,87.16%,TRUE,,2,16,2,59
393,Mnov_gtseq_455,1,1,2,RYZJ01001576_6716607,1,0,0,0,0,0.00%,FALSE,,,,,
394,Mnov_gtseq_456,2,20,22,NA,NA,NA,NA,NA,NA,NA,FALSE,,,,,
395,Mnov_gtseq_457,16,17207,17223,NA,NA,NA,NA,NA,NA,NA,FALSE,,,,,
396,Mnov_gtseq_458,293,21772,22065,NA,NA,NA,NA,NA,NA,NA,FALSE,,,,,
397,Mnov_gtseq_459,1,1,2,RYZJ01001572_3530492,1,0,0,0,0,0.00%,FALSE,,,,,
398,Mnov_gtseq_46,1,1,2,RYZJ01001369_16623022,5453,5834,4637,4829,4631,96.62%,TRUE,,3,78,3,292
400,Mnov_gtseq_461,1,1,2,RYZJ01001596_5558537,2395,5551,2014,2063,1981,60.28%,TRUE,,2,43,3,272
401,Mnov_gtseq_462,1,1,2,RYZJ01000185_10213537,1012,4115,932,992,957,39.48%,TRUE,,2,12,3,27
402,Mnov_gtseq_463,1,1,2,RYZJ01001573_4469075,21845,4824,2054,2148,2025,36.18%,TRUE,,3,43,4,195
403,Mnov_gtseq_464,1,1,2,NA,NA,NA,NA,NA,NA,NA,FALSE,,,,,
404,Mnov_gtseq_465,1,1,2,RYZJ01001573_9829955,678,186,164,167,163,43.06%,TRUE,,,,2,31
405,Mnov_gtseq_466,1,1,2,NA,NA,NA,NA,NA,NA,NA,FALSE,,,,,
406,Mnov_gtseq_467,1,1,2,NA,NA,NA,NA,NA,NA,NA,FALSE,,,,,
407,Mnov_gtseq_468,1,1,2,RYZJ01000280_9993117,4297,4226,3742,3970,3761,99.17%,TRUE,,2,73,2,294
408,Mnov_gtseq_469,1,1,2,NA,NA,NA,NA,NA,NA,NA,FALSE,,,,,
409,Mnov_gtseq_47,1,1,2,RYZJ01000038_213070,7387,3258,2474,2485,2386,61.21%,TRUE,,2,47,2,268
410,Mnov_gtseq_470,1,1,2,RYZJ01000543_7152514,4808,6175,3130,3353,3120,87.55%,TRUE,,2,70,2,300
411,Mnov_gtseq_471,1,1,2,RYZJ01002360_5640507,3228,1022,723,765,725,48.09%,TRUE,,2,13,2,80
412,Mnov_gtseq_472,1,1,2,RYZJ01000557_5664318,2992,1418,1354,1401,1356,64.31%,TRUE,,2,25,2,178
413,Mnov_gtseq_473,1,1,2,RYZJ01000263_7703855,2305,1040,882,918,868,62.18%,TRUE,,3,14,5,217
414,Mnov_gtseq_474,4,1,5,RYZJ01000874_6787471,6368,3944,1543,1609,1532,76.49%,TRUE,,2,28,6,228
415,Mnov_gtseq_475,1,1,2,RYZJ01001068_8263558,3106,2686,2366,2401,2291,92.75%,TRUE,,10,44,11,297
416,Mnov_gtseq_476,1,1,2,NA,NA,NA,NA,NA,NA,NA,FALSE,,,,,
417,Mnov_gtseq_477,1,1,2,RYZJ01000770_12026105,45,10,5,6,5,36.36%,TRUE,,,,,
418,Mnov_gtseq_478,1,1,2,RYZJ01000770_13073730,515,554,366,384,364,96.35%,TRUE,,3,5,2,3
419,Mnov_gtseq_479,1,1,2,RYZJ01000770_17772101,2783,3558,2435,2641,2483,87.78%,TRUE,,2,50,2,312
420,Mnov_gtseq_48,1,1,2,RYZJ01000091_241103,2497,2392,2253,2411,2266,97.85%,TRUE,,2,49,2,281
421,Mnov_gtseq_49,1,17,18,RYZJ01001038_281489,1,0,0,0,0,0.00%,FALSE,,,,,
422,Mnov_gtseq_5,1,6,7,RYZJ01001990_7338436,501,526,468,482,456,97.57%,TRUE,,,,,
423,Mnov_gtseq_50,1,1,2,RYZJ01000069_314705,3907,5739,3209,3392,3208,81.01%,TRUE,,5,65,5,310
424,Mnov_gtseq_501,1,1,2,RYZJ01000659_3131086,1,0,0,0,0,0.00%,FALSE,,,,,
425,Mnov_gtseq_502,1,1,2,RYZJ01000052_1312193,1769,17843,1428,1402,1362,18.04%,TRUE,,2,26,2,179
426,Mnov_gtseq_503,1,3,4,NA,NA,NA,NA,NA,NA,NA,FALSE,,,,,
427,Mnov_gtseq_504,1,1,2,RYZJ01002554_7610039,2748,1277,1195,1245,1171,63.45%,TRUE,,2,21,2,236
428,Mnov_gtseq_505,2,226,228,RYZJ01000157_450850,1,0,0,0,0,0.00%,FALSE,,,,,
429,Mnov_gtseq_506,1,1,2,RYZJ01000902_12372677,52,481,11,11,9,19.51%,TRUE,,,,,
430,Mnov_gtseq_507,1,1,2,RYZJ01002031_7870219,1962,3215,1134,1174,1129,75.80%,TRUE,,2,17,2,253
431,Mnov_gtseq_508,1,1,2,RYZJ01002165_2769537,1,0,0,0,0,0.00%,FALSE,,,,,
432,Mnov_gtseq_509,1,1,2,RYZJ01000855_20390,1066,20681,799,820,789,9.80%,TRUE,,2,13,2,105
433,Mnov_gtseq_51,1,1,2,RYZJ01000069_6549479,1832,1618,1497,1613,1499,93.80%,TRUE,,2,26,2,232
434,Mnov_gtseq_510,1,1,2,NA,NA,NA,NA,NA,NA,NA,FALSE,,,,,
435,Mnov_gtseq_511,1,1,2,RYZJ01001369_10530493,659,391,325,334,322,74.48%,TRUE,,2,2,2,46
436,Mnov_gtseq_512,1,1,2,NA,NA,NA,NA,NA,NA,NA,FALSE,,,,,
437,Mnov_gtseq_513,1,2,3,RYZJ01001038_2748442,2735,2418,1979,2211,2004,93.85%,TRUE,,2,44,2,50
438,Mnov_gtseq_514,1,1,2,RYZJ01001568_1028358,1612,3822,753,761,728,59.33%,TRUE,,2,14,3,274
439,Mnov_gtseq_515,1,1,2,RYZJ01001568_4082563,1052,3190,680,732,668,49.60%,TRUE,,3,9,3,134
440,Mnov_gtseq_516,1,1,2,RYZJ01001772_4103123,112,85,67,68,65,86.29%,TRUE,,,,,
441,Mnov_gtseq_517,1,1,2,RYZJ01000880_1440603,1612,3060,1490,1579,1498,69.01%,TRUE,,2,27,2,186
442,Mnov_gtseq_518,1,1,2,RYZJ01000617_1744222,5511,3819,3444,3659,3441,81.86%,TRUE,,3,73,3,333
443,Mnov_gtseq_519,1,1,2,NA,NA,NA,NA,NA,NA,NA,FALSE,,,,,
444,Mnov_gtseq_52,1,1,2,NA,NA,NA,NA,NA,NA,NA,FALSE,,,,,
445,Mnov_gtseq_520,1,1,2,RYZJ01001975_406567,1093,560,409,412,399,67.76%,TRUE,,2,6,3,104
446,Mnov_gtseq_521,1,1,2,RYZJ01001975_2879948,2016,1635,1535,1655,1546,89.56%,TRUE,,2,32,2,31
447,Mnov_gtseq_522,1,1,2,RYZJ01000022_832854,1574,2228,1345,1412,1345,82.80%,TRUE,,2,25,3,235
448,Mnov_gtseq_523,1,1,2,RYZJ01000765_194482,16015,2424,2250,2386,2252,26.29%,TRUE,,2,46,2,268
449,Mnov_gtseq_524,1,1,2,RYZJ01000765_10810460,1,0,0,0,0,0.00%,FALSE,,,,,
450,Mnov_gtseq_525,1,1,2,NA,NA,NA,NA,NA,NA,NA,FALSE,,,,,
451,Mnov_gtseq_526,1,1,2,RYZJ01002428_30608,304,306,256,262,253,99.67%,TRUE,,2,1,3,75
452,Mnov_gtseq_527,1,1,2,NA,NA,NA,NA,NA,NA,NA,FALSE,,,,,
453,Mnov_gtseq_528,1,1,2,NA,NA,NA,NA,NA,NA,NA,FALSE,,,,,
454,Mnov_gtseq_529,1,1,2,RYZJ01002178_2906527,2465,1090,413,441,413,61.32%,TRUE,,2,4,2,81
455,Mnov_gtseq_53,1,1,2,RYZJ01001568_5594202,4459,1888,1798,1953,1817,59.49%,TRUE,,2,38,2,285
457,Mnov_gtseq_531,1,1,2,NA,NA,NA,NA,NA,NA,NA,FALSE,,,,,
458,Mnov_gtseq_532,1,1,2,RYZJ01000030_14566946,1123,22464,998,1057,990,9.52%,TRUE,,4,17,5,78
459,Mnov_gtseq_533,1,1,2,RYZJ01000575_3941203,1475,2315,1327,1387,1320,77.84%,TRUE,,2,26,2,170
460,Mnov_gtseq_534,1,1,2,RYZJ01000575_4146288,1,0,0,0,0,0.00%,FALSE,,,,,
462,Mnov_gtseq_536,1,1,2,RYZJ01000575_11704796,1630,620,489,482,467,55.11%,TRUE,,3,9,3,50
463,Mnov_gtseq_537,1,1,2,RYZJ01001842_2218665,1,0,0,0,0,0.00%,FALSE,,,,,
464,Mnov_gtseq_538,1,1,2,NA,NA,NA,NA,NA,NA,NA,FALSE,,,,,
465,Mnov_gtseq_539,1,1,2,RYZJ01000696_1846196,1617,1577,1358,1474,1378,98.75%,TRUE,,2,29,2,139
466,Mnov_gtseq_54,1,1,2,RYZJ01001568_6903201,1775,2050,1474,1551,1485,92.81%,TRUE,,2,30,2,263
467,Mnov_gtseq_540,1,1,2,RYZJ01000646_2324685,106346,2437,2041,2058,2017,4.48%,FALSE,,,,,
468,Mnov_gtseq_541,1,1,2,RYZJ01002119_16096935,4051,4317,3547,3904,3618,96.82%,TRUE,,2,84,2,425
469,Mnov_gtseq_542,1,1,2,NA,NA,NA,NA,NA,NA,NA,FALSE,,,,,
470,Mnov_gtseq_543,1,1,2,RYZJ01001295_1754265,13895,13837,2209,2373,2264,99.79%,TRUE,,3,47,3,249
471,Mnov_gtseq_544,1,1,2,RYZJ01002291_166142,1705,6925,1463,1551,1470,39.51%,TRUE,,2,29,2,251
472,Mnov_gtseq_545,1,1,2,RYZJ01001407_1951996,1686,1853,1468,1549,1474,95.28%,TRUE,,2,31,2,196
473,Mnov_gtseq_546,1,1,2,RYZJ01002411_5954841,8333,540,443,456,441,12.17%,TRUE,,2,7,2,131
474,Mnov_gtseq_547,1,1,2,RYZJ01000568_1701953,3403,3368,3103,3267,3150,99.48%,TRUE,,3,65,4,304
475,Mnov_gtseq_548,2,1,3,RYZJ01000028_6325505,27389,3217,2547,2656,2549,21.02%,TRUE,,2,49,2,239
476,Mnov_gtseq_549,1,1,2,RYZJ01001271_2846621,1822,1939,1669,1725,1667,96.89%,TRUE,,3,33,3,188
477,Mnov_gtseq_55,1,1,2,RYZJ01001568_7302025,2233,2264,1917,2088,1937,99.31%,TRUE,,3,40,5,271
478,Mnov_gtseq_550,1,2,3,RYZJ01000725_2962491,326,647,249,260,252,67.01%,TRUE,,,,2,19
479,Mnov_gtseq_551,279,1702,1981,NA,NA,NA,NA,NA,NA,NA,FALSE,,,,,
480,Mnov_gtseq_552,1,1,2,NA,NA,NA,NA,NA,NA,NA,FALSE,,,,,
481,Mnov_gtseq_553,1,1,2,RYZJ01001347_4090901,806,684,628,644,622,91.81%,TRUE,,2,9,2,67
482,Mnov_gtseq_554,2,3,5,RYZJ01000218_18349625,1,0,0,0,0,0.00%,FALSE,,,,,
483,Mnov_gtseq_56,1,1,2,RYZJ01001568_8276071,2558,2792,1943,2123,1939,95.63%,TRUE,,2,41,2,292
484,Mnov_gtseq_57,1,1,2,RYZJ01001568_8800960,1777,3632,1383,1549,1432,65.71%,TRUE,,3,29,4,57
485,Mnov_gtseq_58,1,1,2,RYZJ01001772_350006,4365,4865,3822,3999,3804,94.58%,TRUE,,3,74,3,223
486,Mnov_gtseq_59,117,10087,10204,NA,NA,NA,NA,NA,NA,NA,FALSE,,,,,
487,Mnov_gtseq_6,1,1,2,RYZJ01002554_2269644,2981,2935,2782,2886,2768,99.22%,TRUE,,2,55,2,271
488,Mnov_gtseq_60,1,1,2,RYZJ01001772_4635804,1954,1998,1727,1913,1743,98.89%,TRUE,,2,33,2,273
489,Mnov_gtseq_61,1,2,3,RYZJ01001772_10285159,5111,17025,3945,4534,3959,46.18%,TRUE,,3,76,3,314
490,Mnov_gtseq_62,1,1,2,RYZJ01000771_3053715,2648,2803,1999,2075,1961,97.16%,TRUE,,1,41,1,180
491,Mnov_gtseq_63,1,2,3,RYZJ01002082_393585,2272,1904,1507,1628,1502,91.19%,TRUE,,2,26,2,272
492,Mnov_gtseq_64,1,1,2,RYZJ01002082_2705589,4544,4259,3991,4379,4031,96.76%,TRUE,,4,78,4,305
493,Mnov_gtseq_65,1,1,2,RYZJ01002082_3881247,3985,4517,3676,3875,3693,93.74%,TRUE,,2,76,2,328
494,Mnov_gtseq_66,1,1,2,RYZJ01000399_1953860,2886,1736,1565,1752,1571,75.12%,TRUE,,2,31,3,299
495,Mnov_gtseq_67,1,1,2,RYZJ01000880_407478,43179,27344,5565,6218,5675,77.55%,TRUE,,2,82,2,342
496,Mnov_gtseq_68,1,1,2,RYZJ01000617_411282,2250,2223,2116,2207,2116,99.40%,TRUE,,3,35,4,294
497,Mnov_gtseq_69,1,1,2,RYZJ01000617_1852103,5751,3871,3639,3936,3667,80.46%,TRUE,,2,73,2,315
498,Mnov_gtseq_7,1,1,2,RYZJ01002554_3059867,234883,5111,3655,3460,3124,4.26%,FALSE,,,,,
499,Mnov_gtseq_70,1,1,2,RYZJ01000593_426892,2360,2283,2008,2147,1980,98.34%,TRUE,,1,42,1,275
500,Mnov_gtseq_71,1,13,14,RYZJ01001812_507370,2028,2204,1904,1969,1889,95.84%,TRUE,,3,38,3,299
501,Mnov_gtseq_72,1,1,2,RYZJ01001551_3853127,3549,5137,3268,3437,3265,81.72%,TRUE,,3,67,3,329
502,Mnov_gtseq_73,1,1,2,RYZJ01001551_9378640,6402,9260,5898,6299,5927,81.75%,TRUE,,2,81,2,320
503,Mnov_gtseq_74,1,1,2,RYZJ01001551_10652405,4706,4028,3186,3451,3183,92.24%,TRUE,,3,64,3,330
504,Mnov_gtseq_75,1,1,2,RYZJ01001551_11005601,2365,2015,873,918,866,92.01%,TRUE,,3,34,3,298
505,Mnov_gtseq_76,1,1,2,RYZJ01001551_11486829,2135,327049,1815,1887,1814,1.30%,FALSE,,,,,
506,Mnov_gtseq_77,1,1,2,NA,NA,NA,NA,NA,NA,NA,FALSE,,,,,
507,Mnov_gtseq_78,1,1,2,NA,NA,NA,NA,NA,NA,NA,FALSE,,,,,
508,Mnov_gtseq_79,1,1,2,RYZJ01001324_536147,5338,4153,3728,3991,3700,87.51%,TRUE,,2,70,2,233
509,Mnov_gtseq_8,1,2,3,RYZJ01002554_6340269,52078,2625,2057,2246,2134,9.60%,TRUE,,2,41,2,244
510,Mnov_gtseq_80,1,1,2,RYZJ01001324_2567662,1157,1262,1053,1131,1042,95.66%,TRUE,,2,17,2,242
511,Mnov_gtseq_81,1,1,2,RYZJ01000513_548924,1436,2784,1313,1381,1316,68.06%,TRUE,,2,22,2,216
512,Mnov_gtseq_82,1,1,2,RYZJ01001975_550885,3429,3089,2930,3059,2937,94.78%,TRUE,,3,57,3,305
513,Mnov_gtseq_83,1,1,2,RYZJ01001975_1874506,4219,3739,3429,3717,3466,93.97%,TRUE,,2,73,2,309
514,Mnov_gtseq_84,1,1,2,RYZJ01001975_4774979,4781,4038,3618,3912,3612,91.58%,TRUE,,3,71,4,320
515,Mnov_gtseq_86,1,1,2,RYZJ01001975_11849016,5336,4569,2408,2560,2440,92.26%,TRUE,,4,75,5,328
516,Mnov_gtseq_87,1,2,3,RYZJ01001631_551067,1,0,0,0,0,0.00%,FALSE,,,,,
517,Mnov_gtseq_88,1,1,2,RYZJ01000535_555531,1560,1831,1250,1340,1246,92.01%,TRUE,,2,22,2,236
518,Mnov_gtseq_89,1,6430,6431,NA,NA,NA,NA,NA,NA,NA,FALSE,,,,,
519,Mnov_gtseq_9,1562,3453,5015,NA,NA,NA,NA,NA,NA,NA,FALSE,,,,,
520,Mnov_gtseq_90,1,1,2,RYZJ01000547_1863086,42163,5559,2736,2885,2755,23.30%,TRUE,,2,50,2,329
521,Mnov_gtseq_91,1,1,2,RYZJ01000765_594525,1484,2268,1268,1326,1243,79.10%,TRUE,,2,24,2,204
522,Mnov_gtseq_92,1,1,2,RYZJ01000765_6961163,5501,4198,3988,4425,4012,86.57%,TRUE,,3,73,3,268
523,Mnov_gtseq_93,1,1,2,RYZJ01000818_1397593,1376,1049,968,1004,961,86.52%,TRUE,,2,6,2,245
524,Mnov_gtseq_94,1,1,2,RYZJ01000306_2599158,4920,5943,4377,4769,4427,90.58%,TRUE,,2,72,2,284
525,Mnov_gtseq_96,1,1,2,NA,NA,NA,NA,NA,NA,NA,FALSE,,,,,
526,Mnov_gtseq_97,1,1,2,RYZJ01002171_642388,6551,2002,1072,1141,1057,46.81%,TRUE,,3,19,3,80
527,Mnov_gtseq_98,1,1,2,RYZJ01000004_693479,6011,5312,4587,4919,4641,93.83%,TRUE,,3,76,3,303
528,Mnov_gtseq_99,1,1,2,NA,NA,NA,NA,NA,NA,NA,FALSE,,,,,