RYZJ01000052_7364,Mnov_gtseq_1
RYZJ01001990_14608,Mnov_gtseq_2
RYZJ01001990_5950766,Mnov_gtseq_3
RYZJ01001990_6533281,Mnov_gtseq_4
RYZJ01001990_7338436,Mnov_gtseq_5
RYZJ01002554_2269644,Mnov_gtseq_6
RYZJ01002554_3059867,Mnov_gtseq_7
RYZJ01002554_6340269,Mnov_gtseq_8
RYZJ01002554_8662942,Mnov_gtseq_9
RYZJ01002554_11077385,Mnov_gtseq_10
RYZJ01002554_11577079,Mnov_gtseq_11
RYZJ01000802_37358,Mnov_gtseq_12
RYZJ01000157_1329992,Mnov_gtseq_13
RYZJ01000902_50638,Mnov_gtseq_14
RYZJ01000902_6811372,Mnov_gtseq_15
RYZJ01002356_61049,Mnov_gtseq_16
RYZJ01002356_785696,Mnov_gtseq_17
RYZJ01002031_4399495,Mnov_gtseq_18
RYZJ01002031_7205063,Mnov_gtseq_19
RYZJ01002031_7396401,Mnov_gtseq_20
RYZJ01002031_9141608,Mnov_gtseq_21
RYZJ01001249_87879,Mnov_gtseq_22
RYZJ01000037_97989,Mnov_gtseq_23
RYZJ01001909_109837,Mnov_gtseq_24
RYZJ01001909_1962838,Mnov_gtseq_25
RYZJ01001909_2971080,Mnov_gtseq_26
RYZJ01002201_131233,Mnov_gtseq_27
RYZJ01002201_438850,Mnov_gtseq_28
RYZJ01002165_162593,Mnov_gtseq_29
RYZJ01000501_169033,Mnov_gtseq_30
RYZJ01000820_171769,Mnov_gtseq_31
RYZJ01000820_2172668,Mnov_gtseq_32
RYZJ01000820_2297279,Mnov_gtseq_33
RYZJ01001441_4478645,Mnov_gtseq_34
RYZJ01001441_5781034,Mnov_gtseq_35
RYZJ01001327_193463,Mnov_gtseq_36
RYZJ01001369_211497,Mnov_gtseq_37
RYZJ01001369_7030478,Mnov_gtseq_38
RYZJ01001369_8636860,Mnov_gtseq_39
RYZJ01001369_8947557,Mnov_gtseq_40
RYZJ01001369_10688000,Mnov_gtseq_41
RYZJ01001369_11833583,Mnov_gtseq_42
RYZJ01001369_15549773,Mnov_gtseq_43
RYZJ01001369_16328537,Mnov_gtseq_44
RYZJ01001369_16479411,Mnov_gtseq_45
RYZJ01001369_16623022,Mnov_gtseq_46
RYZJ01000038_213070,Mnov_gtseq_47
RYZJ01000091_241103,Mnov_gtseq_48
RYZJ01001038_281489,Mnov_gtseq_49
RYZJ01000069_314705,Mnov_gtseq_50
RYZJ01000069_6549479,Mnov_gtseq_51
RYZJ01001568_323511,Mnov_gtseq_52
RYZJ01001568_5594202,Mnov_gtseq_53
RYZJ01001568_6903201,Mnov_gtseq_54
RYZJ01001568_7302025,Mnov_gtseq_55
RYZJ01001568_8276071,Mnov_gtseq_56
RYZJ01001568_8800960,Mnov_gtseq_57
RYZJ01001772_350006,Mnov_gtseq_58
RYZJ01001772_3130185,Mnov_gtseq_59
RYZJ01001772_4635804,Mnov_gtseq_60
RYZJ01001772_10285159,Mnov_gtseq_61
RYZJ01000771_3053715,Mnov_gtseq_62
RYZJ01002082_393585,Mnov_gtseq_63
RYZJ01002082_2705589,Mnov_gtseq_64
RYZJ01002082_3881247,Mnov_gtseq_65
RYZJ01000399_1953860,Mnov_gtseq_66
RYZJ01000880_407478,Mnov_gtseq_67
RYZJ01000617_411282,Mnov_gtseq_68
RYZJ01000617_1852103,Mnov_gtseq_69
RYZJ01000593_426892,Mnov_gtseq_70
RYZJ01001812_507370,Mnov_gtseq_71
RYZJ01001551_3853127,Mnov_gtseq_72
RYZJ01001551_9378640,Mnov_gtseq_73
RYZJ01001551_10652405,Mnov_gtseq_74
RYZJ01001551_11005601,Mnov_gtseq_75
RYZJ01001551_11486829,Mnov_gtseq_76
RYZJ01001551_12000612,Mnov_gtseq_77
RYZJ01001703_512517,Mnov_gtseq_78
RYZJ01001324_536147,Mnov_gtseq_79
RYZJ01001324_2567662,Mnov_gtseq_80
RYZJ01000513_548924,Mnov_gtseq_81
RYZJ01001975_550885,Mnov_gtseq_82
RYZJ01001975_1874506,Mnov_gtseq_83
RYZJ01001975_4774979,Mnov_gtseq_84
RYZJ01001975_11849016,Mnov_gtseq_86
RYZJ01001631_551067,Mnov_gtseq_87
RYZJ01000535_555531,Mnov_gtseq_88
RYZJ01000547_703543,Mnov_gtseq_89
RYZJ01000547_1863086,Mnov_gtseq_90
RYZJ01000765_594525,Mnov_gtseq_91
RYZJ01000765_6961163,Mnov_gtseq_92
RYZJ01000818_1397593,Mnov_gtseq_93
RYZJ01000306_2599158,Mnov_gtseq_94
RYZJ01002428_1037244,Mnov_gtseq_96
RYZJ01002171_642388,Mnov_gtseq_97
RYZJ01000004_693479,Mnov_gtseq_98
RYZJ01000004_6239679,Mnov_gtseq_99
RYZJ01002398_759449,Mnov_gtseq_100
RYZJ01000842_761070,Mnov_gtseq_101
RYZJ01000842_902707,Mnov_gtseq_102
RYZJ01002270_761627,Mnov_gtseq_103
RYZJ01001767_763727,Mnov_gtseq_104
RYZJ01001767_4013314,Mnov_gtseq_105
RYZJ01001489_779632,Mnov_gtseq_106
RYZJ01001489_4010277,Mnov_gtseq_107
RYZJ01001489_6109194,Mnov_gtseq_108
RYZJ01001489_9156920,Mnov_gtseq_109
RYZJ01000567_792743,Mnov_gtseq_110
RYZJ01000567_1480099,Mnov_gtseq_111
RYZJ01001604_807323,Mnov_gtseq_112
RYZJ01001604_3090406,Mnov_gtseq_113
RYZJ01002178_813371,Mnov_gtseq_114
RYZJ01002178_1956936,Mnov_gtseq_115
RYZJ01001754_815329,Mnov_gtseq_116
RYZJ01000506_817901,Mnov_gtseq_117
RYZJ01001450_819025,Mnov_gtseq_118
RYZJ01002325_831785,Mnov_gtseq_119
RYZJ01002269_853787,Mnov_gtseq_120
RYZJ01001043_902701,Mnov_gtseq_122
RYZJ01001043_4722669,Mnov_gtseq_123
RYZJ01001043_5199809,Mnov_gtseq_124
RYZJ01001043_5843096,Mnov_gtseq_125
RYZJ01001955_1452015,Mnov_gtseq_126
RYZJ01002393_2624644,Mnov_gtseq_127
RYZJ01002393_3293240,Mnov_gtseq_128
RYZJ01002440_1595905,Mnov_gtseq_129
RYZJ01002440_2625151,Mnov_gtseq_130
RYZJ01002440_3118739,Mnov_gtseq_131
RYZJ01000638_1009240,Mnov_gtseq_132
RYZJ01000092_1013156,Mnov_gtseq_133
RYZJ01000030_11277919,Mnov_gtseq_134
RYZJ01000030_15713871,Mnov_gtseq_135
RYZJ01001723_1096016,Mnov_gtseq_136
RYZJ01001723_1264045,Mnov_gtseq_137
RYZJ01001723_1881624,Mnov_gtseq_138
RYZJ01001307_1806117,Mnov_gtseq_139
RYZJ01001076_1108983,Mnov_gtseq_140
RYZJ01001076_1704348,Mnov_gtseq_141
RYZJ01001910_1123249,Mnov_gtseq_142
RYZJ01002154_1124847,Mnov_gtseq_143
RYZJ01002154_3352117,Mnov_gtseq_144
RYZJ01000575_1136640,Mnov_gtseq_145
RYZJ01000575_6420712,Mnov_gtseq_146
RYZJ01000575_6606724,Mnov_gtseq_147
RYZJ01000575_7568863,Mnov_gtseq_148
RYZJ01000575_9418048,Mnov_gtseq_149
RYZJ01000575_11873494,Mnov_gtseq_150
RYZJ01000575_16496974,Mnov_gtseq_151
RYZJ01001842_1147534,Mnov_gtseq_152
RYZJ01000962_1150031,Mnov_gtseq_153
RYZJ01000962_3545221,Mnov_gtseq_154
RYZJ01000438_1174189,Mnov_gtseq_155
RYZJ01000438_2356847,Mnov_gtseq_156
RYZJ01001228_1185223,Mnov_gtseq_157
RYZJ01001335_1189743,Mnov_gtseq_158
RYZJ01000696_1195944,Mnov_gtseq_159
RYZJ01000696_1411036,Mnov_gtseq_160
RYZJ01000696_2053022,Mnov_gtseq_161
RYZJ01000696_2282455,Mnov_gtseq_162
RYZJ01000696_4727880,Mnov_gtseq_163
RYZJ01000696_5023598,Mnov_gtseq_164
RYZJ01001582_1218824,Mnov_gtseq_165
RYZJ01001042_1225428,Mnov_gtseq_166
RYZJ01002119_8634126,Mnov_gtseq_167
RYZJ01002119_16643021,Mnov_gtseq_168
RYZJ01002119_16757938,Mnov_gtseq_169
RYZJ01002119_17746560,Mnov_gtseq_170
RYZJ01002119_18536402,Mnov_gtseq_171
RYZJ01002119_19193059,Mnov_gtseq_172
RYZJ01002119_19385763,Mnov_gtseq_173
RYZJ01002119_22526364,Mnov_gtseq_174
RYZJ01001295_1289959,Mnov_gtseq_175
RYZJ01000791_1827500,Mnov_gtseq_176
RYZJ01000791_3013349,Mnov_gtseq_177
RYZJ01000791_3713667,Mnov_gtseq_178
RYZJ01000791_3868916,Mnov_gtseq_179
RYZJ01002333_1308993,Mnov_gtseq_180
RYZJ01000300_1323612,Mnov_gtseq_181
RYZJ01001407_1324706,Mnov_gtseq_182
RYZJ01002411_1338050,Mnov_gtseq_183
RYZJ01002411_3208661,Mnov_gtseq_184
RYZJ01002411_7432649,Mnov_gtseq_185
RYZJ01002411_8051041,Mnov_gtseq_186
RYZJ01002411_10402886,Mnov_gtseq_187
RYZJ01002411_14707789,Mnov_gtseq_188
RYZJ01002263_1344494,Mnov_gtseq_189
RYZJ01002263_4164257,Mnov_gtseq_190
RYZJ01000568_1358213,Mnov_gtseq_191
RYZJ01000568_2270084,Mnov_gtseq_192
RYZJ01000568_8126116,Mnov_gtseq_193
RYZJ01000568_10846702,Mnov_gtseq_194
RYZJ01000568_12948566,Mnov_gtseq_195
RYZJ01001954_1367902,Mnov_gtseq_196
RYZJ01000028_1370150,Mnov_gtseq_197
RYZJ01000028_2873433,Mnov_gtseq_198
RYZJ01000028_3341568,Mnov_gtseq_199
RYZJ01000028_3586276,Mnov_gtseq_200
RYZJ01000028_5172611,Mnov_gtseq_201
RYZJ01000028_8502236,Mnov_gtseq_202
RYZJ01001553_1414433,Mnov_gtseq_203
RYZJ01001553_5343419,Mnov_gtseq_204
RYZJ01001553_6705039,Mnov_gtseq_205
RYZJ01000117_1421446,Mnov_gtseq_206
RYZJ01001271_1436126,Mnov_gtseq_207
RYZJ01001271_2059086,Mnov_gtseq_208
RYZJ01001159_1458768,Mnov_gtseq_209
RYZJ01000725_1483317,Mnov_gtseq_210
RYZJ01000725_4556884,Mnov_gtseq_211
RYZJ01000139_1522041,Mnov_gtseq_212
RYZJ01000139_4844616,Mnov_gtseq_213
RYZJ01002177_1523317,Mnov_gtseq_214
RYZJ01001347_1593067,Mnov_gtseq_215
RYZJ01001347_2179904,Mnov_gtseq_216
RYZJ01001347_2897502,Mnov_gtseq_217
RYZJ01001347_7442650,Mnov_gtseq_218
RYZJ01001349_1595330,Mnov_gtseq_219
RYZJ01000218_1607073,Mnov_gtseq_220
RYZJ01000218_2493901,Mnov_gtseq_221
RYZJ01000218_6212989,Mnov_gtseq_222
RYZJ01000218_14809002,Mnov_gtseq_223
RYZJ01000218_16829198,Mnov_gtseq_224
RYZJ01000218_17139080,Mnov_gtseq_225
RYZJ01000218_17767854,Mnov_gtseq_226
RYZJ01000218_19774540,Mnov_gtseq_227
RYZJ01001411_1641030,Mnov_gtseq_228
RYZJ01000640_3373418,Mnov_gtseq_229
RYZJ01002535_1697903,Mnov_gtseq_230
RYZJ01002032_1719227,Mnov_gtseq_231
RYZJ01002032_7172828,Mnov_gtseq_232
RYZJ01000104_1721910,Mnov_gtseq_233
RYZJ01000104_5737020,Mnov_gtseq_234
RYZJ01000104_10362726,Mnov_gtseq_235
RYZJ01000104_13888360,Mnov_gtseq_236
RYZJ01001793_1955602,Mnov_gtseq_237
RYZJ01001793_2121380,Mnov_gtseq_238
RYZJ01001793_9462822,Mnov_gtseq_239
RYZJ01001793_14441768,Mnov_gtseq_240
RYZJ01001793_23857662,Mnov_gtseq_241
RYZJ01002231_1842233,Mnov_gtseq_243
RYZJ01002231_12746478,Mnov_gtseq_244
RYZJ01002474_1862143,Mnov_gtseq_245
RYZJ01002474_2244711,Mnov_gtseq_246
RYZJ01001968_1919282,Mnov_gtseq_247
RYZJ01001395_1931075,Mnov_gtseq_248
RYZJ01001645_2035191,Mnov_gtseq_249
RYZJ01001645_5254928,Mnov_gtseq_250
RYZJ01001645_5545526,Mnov_gtseq_251
RYZJ01001645_5699072,Mnov_gtseq_252
RYZJ01001645_8856500,Mnov_gtseq_253
RYZJ01001645_10953500,Mnov_gtseq_254
RYZJ01001645_12807870,Mnov_gtseq_255
RYZJ01000128_2065649,Mnov_gtseq_256
RYZJ01000128_8261015,Mnov_gtseq_257
RYZJ01000128_15685093,Mnov_gtseq_258
RYZJ01000225_2074207,Mnov_gtseq_259
RYZJ01001135_2102737,Mnov_gtseq_260
RYZJ01001135_15902821,Mnov_gtseq_261
RYZJ01001698_2122148,Mnov_gtseq_262
RYZJ01001050_2149247,Mnov_gtseq_263
RYZJ01000422_2184072,Mnov_gtseq_264
RYZJ01000973_2221727,Mnov_gtseq_265
RYZJ01001493_2229089,Mnov_gtseq_266
RYZJ01001532_2270250,Mnov_gtseq_267
RYZJ01002142_2332657,Mnov_gtseq_268
RYZJ01002142_6553088,Mnov_gtseq_269
RYZJ01002142_6877235,Mnov_gtseq_270
RYZJ01002142_8098067,Mnov_gtseq_271
RYZJ01002142_10058014,Mnov_gtseq_272
RYZJ01002305_2476099,Mnov_gtseq_273
RYZJ01002305_6115484,Mnov_gtseq_274
RYZJ01000174_2505954,Mnov_gtseq_275
RYZJ01000174_5337531,Mnov_gtseq_276
RYZJ01000691_2538585,Mnov_gtseq_277
RYZJ01001531_2576355,Mnov_gtseq_278
RYZJ01001531_8164070,Mnov_gtseq_279
RYZJ01001531_9830586,Mnov_gtseq_280
RYZJ01001453_3282834,Mnov_gtseq_281
RYZJ01001453_11448159,Mnov_gtseq_282
RYZJ01001721_2791778,Mnov_gtseq_283
RYZJ01001073_2834966,Mnov_gtseq_284
RYZJ01001799_2865905,Mnov_gtseq_285
RYZJ01001565_2875370,Mnov_gtseq_286
RYZJ01001328_2883738,Mnov_gtseq_287
RYZJ01002220_2953745,Mnov_gtseq_288
RYZJ01001929_2996365,Mnov_gtseq_289
RYZJ01001779_3004816,Mnov_gtseq_291
RYZJ01000131_3094297,Mnov_gtseq_292
RYZJ01000489_3100656,Mnov_gtseq_293
RYZJ01002456_3135947,Mnov_gtseq_294
RYZJ01000383_3186122,Mnov_gtseq_295
RYZJ01000383_4499270,Mnov_gtseq_296
RYZJ01001225_3196728,Mnov_gtseq_297
RYZJ01001153_3223653,Mnov_gtseq_298
RYZJ01002367_3238845,Mnov_gtseq_299
RYZJ01002156_3272007,Mnov_gtseq_300
RYZJ01002156_6932032,Mnov_gtseq_301
RYZJ01002156_10512432,Mnov_gtseq_302
RYZJ01000011_3291960,Mnov_gtseq_303
RYZJ01001781_3306873,Mnov_gtseq_304
RYZJ01001781_7365885,Mnov_gtseq_305
RYZJ01001781_11592386,Mnov_gtseq_306
RYZJ01001781_15039429,Mnov_gtseq_307
RYZJ01001781_16601062,Mnov_gtseq_308
RYZJ01001781_17056092,Mnov_gtseq_309
RYZJ01001781_18874223,Mnov_gtseq_310
RYZJ01001781_23924046,Mnov_gtseq_311
RYZJ01001010_3399487,Mnov_gtseq_312
RYZJ01000903_3410807,Mnov_gtseq_313
RYZJ01000903_3695160,Mnov_gtseq_314
RYZJ01001576_3411559,Mnov_gtseq_315
RYZJ01001576_7211639,Mnov_gtseq_316
RYZJ01002001_3439979,Mnov_gtseq_317
RYZJ01000087_3448416,Mnov_gtseq_318
RYZJ01002534_3468612,Mnov_gtseq_319
RYZJ01000995_3508279,Mnov_gtseq_320
RYZJ01000995_8400964,Mnov_gtseq_321
RYZJ01000995_8939653,Mnov_gtseq_322
RYZJ01000995_12414115,Mnov_gtseq_323
RYZJ01001305_3576548,Mnov_gtseq_324
RYZJ01000550_3634059,Mnov_gtseq_325
RYZJ01000550_4147383,Mnov_gtseq_326
RYZJ01000550_5947102,Mnov_gtseq_327
RYZJ01001939_3856698,Mnov_gtseq_328
RYZJ01001436_3885076,Mnov_gtseq_329
RYZJ01001596_4018499,Mnov_gtseq_330
RYZJ01001596_6066087,Mnov_gtseq_331
RYZJ01001172_4052140,Mnov_gtseq_332
RYZJ01001172_10530627,Mnov_gtseq_333
RYZJ01000185_4084284,Mnov_gtseq_334
RYZJ01000185_5530426,Mnov_gtseq_335
RYZJ01000185_8393880,Mnov_gtseq_336
RYZJ01001573_4113109,Mnov_gtseq_337
RYZJ01001573_8024098,Mnov_gtseq_338
RYZJ01001732_4271615,Mnov_gtseq_339
RYZJ01001286_4308089,Mnov_gtseq_340
RYZJ01001286_4583373,Mnov_gtseq_341
RYZJ01000825_4320723,Mnov_gtseq_342
RYZJ01000825_9120132,Mnov_gtseq_343
RYZJ01001554_4489695,Mnov_gtseq_344
RYZJ01001554_4699554,Mnov_gtseq_345
RYZJ01001554_7319380,Mnov_gtseq_346
RYZJ01000454_4531431,Mnov_gtseq_347
RYZJ01001970_4857533,Mnov_gtseq_348
RYZJ01001342_5025088,Mnov_gtseq_349
RYZJ01001342_9062776,Mnov_gtseq_350
RYZJ01001342_10030423,Mnov_gtseq_351
RYZJ01001342_16508078,Mnov_gtseq_352
RYZJ01001342_18893702,Mnov_gtseq_353
RYZJ01000148_6147772,Mnov_gtseq_354
RYZJ01000280_5110668,Mnov_gtseq_355
RYZJ01000280_25122123,Mnov_gtseq_356
RYZJ01002472_6498974,Mnov_gtseq_357
RYZJ01001855_5129941,Mnov_gtseq_358
RYZJ01000143_5197803,Mnov_gtseq_359
RYZJ01001248_5306920,Mnov_gtseq_360
RYZJ01001714_5321496,Mnov_gtseq_361
RYZJ01001714_9297119,Mnov_gtseq_362
RYZJ01001714_10724895,Mnov_gtseq_363
RYZJ01002323_5442013,Mnov_gtseq_364
RYZJ01002323_13118750,Mnov_gtseq_365
RYZJ01000543_5459791,Mnov_gtseq_366
RYZJ01000543_8207636,Mnov_gtseq_367
RYZJ01000543_9718330,Mnov_gtseq_368
RYZJ01002360_7114183,Mnov_gtseq_369
RYZJ01000263_5669814,Mnov_gtseq_370
RYZJ01000263_9399222,Mnov_gtseq_371
RYZJ01001273_6374417,Mnov_gtseq_372
RYZJ01001140_6452708,Mnov_gtseq_373
RYZJ01002385_6660241,Mnov_gtseq_374
RYZJ01001235_6837726,Mnov_gtseq_375
RYZJ01001235_15716313,Mnov_gtseq_376
RYZJ01001235_18289074,Mnov_gtseq_377
RYZJ01001235_19877899,Mnov_gtseq_378
RYZJ01001235_20517063,Mnov_gtseq_379
RYZJ01000621_7602572,Mnov_gtseq_380
RYZJ01000661_7733561,Mnov_gtseq_381
RYZJ01000956_8078913,Mnov_gtseq_382
RYZJ01001068_11281035,Mnov_gtseq_383
RYZJ01002420_8950442,Mnov_gtseq_384
RYZJ01001352_10709424,Mnov_gtseq_385
RYZJ01001352_11631706,Mnov_gtseq_386
RYZJ01002111_14680592,Mnov_gtseq_387
RYZJ01002111_17253692,Mnov_gtseq_388
RYZJ01000770_12478412,Mnov_gtseq_389
RYZJ01000659_2532,Mnov_gtseq_390
RYZJ01002554_1687741,Mnov_gtseq_391
RYZJ01002554_6546964,Mnov_gtseq_392
RYZJ01000157_45655,Mnov_gtseq_393
RYZJ01000902_6239370,Mnov_gtseq_394
RYZJ01002031_74693,Mnov_gtseq_395
RYZJ01000831_151875,Mnov_gtseq_396
RYZJ01000855_163058,Mnov_gtseq_397
RYZJ01000501_506125,Mnov_gtseq_398
RYZJ01000820_3364699,Mnov_gtseq_399
RYZJ01001441_176685,Mnov_gtseq_400
RYZJ01001369_13067888,Mnov_gtseq_401
RYZJ01001568_5038981,Mnov_gtseq_402
RYZJ01000771_369476,Mnov_gtseq_403
RYZJ01000817_485750,Mnov_gtseq_404
RYZJ01001551_4221711,Mnov_gtseq_405
RYZJ01001551_9223669,Mnov_gtseq_406
RYZJ01001527_523927,Mnov_gtseq_407
RYZJ01001527_1065677,Mnov_gtseq_408
RYZJ01001975_2718320,Mnov_gtseq_409
RYZJ01000535_1838428,Mnov_gtseq_410
RYZJ01000535_2283006,Mnov_gtseq_411
RYZJ01000535_6038798,Mnov_gtseq_412
RYZJ01000535_8917236,Mnov_gtseq_413
RYZJ01000547_881629,Mnov_gtseq_414
RYZJ01000022_592638,Mnov_gtseq_415
RYZJ01000818_616965,Mnov_gtseq_416
RYZJ01000306_627657,Mnov_gtseq_417
RYZJ01000306_952759,Mnov_gtseq_418
RYZJ01002428_633762,Mnov_gtseq_419
RYZJ01000004_6813113,Mnov_gtseq_420
RYZJ01002269_2396711,Mnov_gtseq_421
RYZJ01001955_934476,Mnov_gtseq_422
RYZJ01002393_974606,Mnov_gtseq_423
RYZJ01002393_1477920,Mnov_gtseq_424
RYZJ01002393_1975395,Mnov_gtseq_425
RYZJ01002393_2238677,Mnov_gtseq_426
RYZJ01000030_2768079,Mnov_gtseq_427
RYZJ01000030_3883778,Mnov_gtseq_428
RYZJ01000030_10371854,Mnov_gtseq_429
RYZJ01000030_15468281,Mnov_gtseq_430
RYZJ01001723_2564262,Mnov_gtseq_431
RYZJ01001307_1101069,Mnov_gtseq_432
RYZJ01002154_2878122,Mnov_gtseq_433
RYZJ01000575_11166137,Mnov_gtseq_434
RYZJ01000696_9095193,Mnov_gtseq_435
RYZJ01002119_1270782,Mnov_gtseq_436
RYZJ01002119_15399507,Mnov_gtseq_437
RYZJ01002291_1309241,Mnov_gtseq_438
RYZJ01001731_1309463,Mnov_gtseq_439
RYZJ01002277_1364958,Mnov_gtseq_440
RYZJ01000028_5539179,Mnov_gtseq_441
RYZJ01001628_1433047,Mnov_gtseq_442
RYZJ01001271_3789426,Mnov_gtseq_443
RYZJ01000218_15355259,Mnov_gtseq_444
RYZJ01001411_4605116,Mnov_gtseq_445
RYZJ01000723_1672728,Mnov_gtseq_446
RYZJ01000640_1679025,Mnov_gtseq_447
RYZJ01002231_14142946,Mnov_gtseq_448
RYZJ01000128_15530649,Mnov_gtseq_449
RYZJ01002529_2320785,Mnov_gtseq_450
RYZJ01000174_5155634,Mnov_gtseq_451
RYZJ01001453_2578212,Mnov_gtseq_452
RYZJ01001453_7174298,Mnov_gtseq_453
RYZJ01001153_3678634,Mnov_gtseq_454
RYZJ01001576_6716607,Mnov_gtseq_455
RYZJ01000087_13208608,Mnov_gtseq_456
RYZJ01000995_5903381,Mnov_gtseq_457
RYZJ01000995_7718630,Mnov_gtseq_458
RYZJ01001572_3530492,Mnov_gtseq_459
RYZJ01001939_9688695,Mnov_gtseq_460
RYZJ01001596_5558537,Mnov_gtseq_461
RYZJ01000185_10213537,Mnov_gtseq_462
RYZJ01001573_4469075,Mnov_gtseq_463
RYZJ01001573_7757210,Mnov_gtseq_464
RYZJ01001573_9829955,Mnov_gtseq_465
RYZJ01001342_14137490,Mnov_gtseq_466
RYZJ01000280_5795241,Mnov_gtseq_467
RYZJ01000280_9993117,Mnov_gtseq_468
RYZJ01002472_5111014,Mnov_gtseq_469
RYZJ01000543_7152514,Mnov_gtseq_470
RYZJ01002360_5640507,Mnov_gtseq_471
RYZJ01000557_5664318,Mnov_gtseq_472
RYZJ01000263_7703855,Mnov_gtseq_473
RYZJ01000874_6787471,Mnov_gtseq_474
RYZJ01001068_8263558,Mnov_gtseq_475
RYZJ01002111_11773018,Mnov_gtseq_476
RYZJ01000770_12026105,Mnov_gtseq_477
RYZJ01000770_13073730,Mnov_gtseq_478
RYZJ01000770_17772101,Mnov_gtseq_479
RYZJ01000659_3131086,Mnov_gtseq_501
RYZJ01000052_1312193,Mnov_gtseq_502
RYZJ01002554_3746760,Mnov_gtseq_503
RYZJ01002554_7610039,Mnov_gtseq_504
RYZJ01000157_450850,Mnov_gtseq_505
RYZJ01000902_12372677,Mnov_gtseq_506
RYZJ01002031_7870219,Mnov_gtseq_507
RYZJ01002165_2769537,Mnov_gtseq_508
RYZJ01000855_20390,Mnov_gtseq_509
RYZJ01000820_4202969,Mnov_gtseq_510
RYZJ01001369_10530493,Mnov_gtseq_511
RYZJ01000038_1093625,Mnov_gtseq_512
RYZJ01001038_2748442,Mnov_gtseq_513
RYZJ01001568_1028358,Mnov_gtseq_514
RYZJ01001568_4082563,Mnov_gtseq_515
RYZJ01001772_4103123,Mnov_gtseq_516
RYZJ01000880_1440603,Mnov_gtseq_517
RYZJ01000617_1744222,Mnov_gtseq_518
RYZJ01001527_3678107,Mnov_gtseq_519
RYZJ01001975_406567,Mnov_gtseq_520
RYZJ01001975_2879948,Mnov_gtseq_521
RYZJ01000022_832854,Mnov_gtseq_522
RYZJ01000765_194482,Mnov_gtseq_523
RYZJ01000765_10810460,Mnov_gtseq_524
RYZJ01000818_170497,Mnov_gtseq_525
RYZJ01002428_30608,Mnov_gtseq_526
RYZJ01001604_290150,Mnov_gtseq_527
RYZJ01001604_4693723,Mnov_gtseq_528
RYZJ01002178_2906527,Mnov_gtseq_529
RYZJ01002393_4786351,Mnov_gtseq_530
RYZJ01002393_403404,Mnov_gtseq_531
RYZJ01000030_14566946,Mnov_gtseq_532
RYZJ01000575_3941203,Mnov_gtseq_533
RYZJ01000575_4146288,Mnov_gtseq_534
RYZJ01000575_541168,Mnov_gtseq_535
RYZJ01000575_11704796,Mnov_gtseq_536
RYZJ01001842_2218665,Mnov_gtseq_537
RYZJ01001228_4780722,Mnov_gtseq_538
RYZJ01000696_1846196,Mnov_gtseq_539
RYZJ01000646_2324685,Mnov_gtseq_540
RYZJ01002119_16096935,Mnov_gtseq_541
RYZJ01002119_17584018,Mnov_gtseq_542
RYZJ01001295_1754265,Mnov_gtseq_543
RYZJ01002291_166142,Mnov_gtseq_544
RYZJ01001407_1951996,Mnov_gtseq_545
RYZJ01002411_5954841,Mnov_gtseq_546
RYZJ01000568_1701953,Mnov_gtseq_547
RYZJ01000028_6325505,Mnov_gtseq_548
RYZJ01001271_2846621,Mnov_gtseq_549
RYZJ01000725_2962491,Mnov_gtseq_550
RYZJ01000725_5574404,Mnov_gtseq_551
RYZJ01002177_823653,Mnov_gtseq_552
RYZJ01001347_4090901,Mnov_gtseq_553
RYZJ01000218_18349625,Mnov_gtseq_554